mrk_time_iso,mrk_time_epoch,mrk_file,line,quality
2025-10-02 10:43:53.128,1759394633.128598,M:\working_package_2\2024_dronecampaign\01_data\P1\Marteloskop\20251002\DJI_202510021240_003_marteloskopp1mica60m\DJI_202510021240_003_marteloskopp1mica60m_Timestamp.MRK,164,0.014643,
2025-10-02 10:43:54.326,1759394634.326935,M:\working_package_2\2024_dronecampaign\01_data\P1\Marteloskop\20251002\DJI_202510021240_003_marteloskopp1mica60m\DJI_202510021240_003_marteloskopp1mica60m_Timestamp.MRK,165,0.014643,
2025-10-02 10:43:55.525,1759394635.525454,M:\working_package_2\2024_dronecampaign\01_data\P1\Marteloskop\20251002\DJI_202510021240_003_marteloskopp1mica60m\DJI_202510021240_003_marteloskopp1mica60m_Timestamp.MRK,166,0.014643,
2025-10-02 10:43:56.226,1759394636.226885,M:\working_package_2\2024_dronecampaign\01_data\P1\Marteloskop\20251002\DJI_202510021240_003_marteloskopp1mica60m\DJI_202510021240_003_marteloskopp1mica60m_Timestamp.MRK,167,0.014643,
2025-10-02 10:43:57.626,1759394637.626293,M:\working_package_2\2024_dronecampaign\01_data\P1\Marteloskop\20251002\DJI_202510021240_003_marteloskopp1mica60m\DJI_202510021240_003_marteloskopp1mica60m_Timestamp.MRK,168,0.014643,
2025-10-02 10:43:58.822,1759394638.822947,M:\working_package_2\2024_dronecampaign\01_data\P1\Marteloskop\20251002\DJI_202510021240_003_marteloskopp1mica60m\DJI_202510021240_003_marteloskopp1mica60m_Timestamp.MRK,169,0.014643,
2025-10-02 10:44:00.021,1759394640.021667,M:\working_package_2\2024_dronecampaign\01_data\P1\Marteloskop\20251002\DJI_202510021240_003_marteloskopp1mica60m\DJI_202510021240_003_marteloskopp1mica60m_Timestamp.MRK,170,0.014643,
2025-10-02 10:44:01.121,1759394641.121417,M:\working_package_2\2024_dronecampaign\01_data\P1\Marteloskop\20251002\DJI_202510021240_003_marteloskopp1mica60m\DJI_202510021240_003_marteloskopp1mica60m_Timestamp.MRK,171,0.014643,
2025-10-02 10:44:02.322,1759394642.322098,M:\working_package_2\2024_dronecampaign\01_data\P1\Marteloskop\20251002\DJI_202510021240_003_marteloskopp1mica60m\DJI_202510021240_003_marteloskopp1mica60m_Timestamp.MRK,172,0.014643,
2025-10-02 10:44:02.901,1759394642.901379,M:\working_package_2\2024_dronecampaign\01_data\P1\Marteloskop\20251002\DJI_202510021240_003_marteloskopp1mica60m\DJI_202510021240_003_marteloskopp1mica60m_Timestamp.MRK,173,0.014643,
2025-10-02 10:44:04.320,1759394644.320942,M:\working_package_2\2024_dronecampaign\01_data\P1\Marteloskop\20251002\DJI_202510021240_003_marteloskopp1mica60m\DJI_202510021240_003_marteloskopp1mica60m_Timestamp.MRK,174,0.014643,
2025-10-02 10:44:05.519,1759394645.519926,M:\working_package_2\2024_dronecampaign\01_data\P1\Marteloskop\20251002\DJI_202510021240_003_marteloskopp1mica60m\DJI_202510021240_003_marteloskopp1mica60m_Timestamp.MRK,175,0.014643,
2025-10-02 10:44:06.223,1759394646.223300,M:\working_package_2\2024_dronecampaign\01_data\P1\Marteloskop\20251002\DJI_202510021240_003_marteloskopp1mica60m\DJI_202510021240_003_marteloskopp1mica60m_Timestamp.MRK,176,0.014643,
2025-10-02 10:44:07.726,1759394647.726813,M:\working_package_2\2024_dronecampaign\01_data\P1\Marteloskop\20251002\DJI_202510021240_003_marteloskopp1mica60m\DJI_202510021240_003_marteloskopp1mica60m_Timestamp.MRK,177,0.014643,
2025-10-02 10:44:08.945,1759394648.945307,M:\working_package_2\2024_dronecampaign\01_data\P1\Marteloskop\20251002\DJI_202510021240_003_marteloskopp1mica60m\DJI_202510021240_003_marteloskopp1mica60m_Timestamp.MRK,178,0.014643,
2025-10-02 10:44:10.146,1759394650.146894,M:\working_package_2\2024_dronecampaign\01_data\P1\Marteloskop\20251002\DJI_202510021240_003_marteloskopp1mica60m\DJI_202510021240_003_marteloskopp1mica60m_Timestamp.MRK,179,0.014643,
2025-10-02 10:44:11.342,1759394651.342944,M:\working_package_2\2024_dronecampaign\01_data\P1\Marteloskop\20251002\DJI_202510021240_003_marteloskopp1mica60m\DJI_202510021240_003_marteloskopp1mica60m_Timestamp.MRK,180,0.014643,
2025-10-02 10:44:12.541,1759394652.541123,M:\working_package_2\2024_dronecampaign\01_data\P1\Marteloskop\20251002\DJI_202510021240_003_marteloskopp1mica60m\DJI_202510021240_003_marteloskopp1mica60m_Timestamp.MRK,181,0.014643,
2025-10-02 10:44:13.738,1759394653.738195,M:\working_package_2\2024_dronecampaign\01_data\P1\Marteloskop\20251002\DJI_202510021240_003_marteloskopp1mica60m\DJI_202510021240_003_marteloskopp1mica60m_Timestamp.MRK,182,0.014643,
2025-10-02 10:44:14.954,1759394654.954264,M:\working_package_2\2024_dronecampaign\01_data\P1\Marteloskop\20251002\DJI_202510021240_003_marteloskopp1mica60m\DJI_202510021240_003_marteloskopp1mica60m_Timestamp.MRK,183,0.014643,
2025-10-02 10:44:16.155,1759394656.155939,M:\working_package_2\2024_dronecampaign\01_data\P1\Marteloskop\20251002\DJI_202510021240_003_marteloskopp1mica60m\DJI_202510021240_003_marteloskopp1mica60m_Timestamp.MRK,184,0.014643,
2025-10-02 10:44:17.254,1759394657.254007,M:\working_package_2\2024_dronecampaign\01_data\P1\Marteloskop\20251002\DJI_202510021240_003_marteloskopp1mica60m\DJI_202510021240_003_marteloskopp1mica60m_Timestamp.MRK,185,0.014643,
2025-10-02 10:44:18.449,1759394658.449748,M:\working_package_2\2024_dronecampaign\01_data\P1\Marteloskop\20251002\DJI_202510021240_003_marteloskopp1mica60m\DJI_202510021240_003_marteloskopp1mica60m_Timestamp.MRK,186,0.014643,
2025-10-02 10:44:19.646,1759394659.646154,M:\working_package_2\2024_dronecampaign\01_data\P1\Marteloskop\20251002\DJI_202510021240_003_marteloskopp1mica60m\DJI_202510021240_003_marteloskopp1mica60m_Timestamp.MRK,187,0.014643,
2025-10-02 10:44:20.847,1759394660.847974,M:\working_package_2\2024_dronecampaign\01_data\P1\Marteloskop\20251002\DJI_202510021240_003_marteloskopp1mica60m\DJI_202510021240_003_marteloskopp1mica60m_Timestamp.MRK,188,0.014643,
2025-10-02 10:44:22.044,1759394662.044827,M:\working_package_2\2024_dronecampaign\01_data\P1\Marteloskop\20251002\DJI_202510021240_003_marteloskopp1mica60m\DJI_202510021240_003_marteloskopp1mica60m_Timestamp.MRK,189,0.014643,
2025-10-02 10:44:22.624,1759394662.624054,M:\working_package_2\2024_dronecampaign\01_data\P1\Marteloskop\20251002\DJI_202510021240_003_marteloskopp1mica60m\DJI_202510021240_003_marteloskopp1mica60m_Timestamp.MRK,190,0.014643,
2025-10-02 10:44:23.743,1759394663.743816,M:\working_package_2\2024_dronecampaign\01_data\P1\Marteloskop\20251002\DJI_202510021240_003_marteloskopp1mica60m\DJI_202510021240_003_marteloskopp1mica60m_Timestamp.MRK,191,0.014643,
2025-10-02 10:44:24.942,1759394664.942945,M:\working_package_2\2024_dronecampaign\01_data\P1\Marteloskop\20251002\DJI_202510021240_003_marteloskopp1mica60m\DJI_202510021240_003_marteloskopp1mica60m_Timestamp.MRK,192,0.014643,
2025-10-02 10:44:25.556,1759394665.556497,M:\working_package_2\2024_dronecampaign\01_data\P1\Marteloskop\20251002\DJI_202510021240_003_marteloskopp1mica60m\DJI_202510021240_003_marteloskopp1mica60m_Timestamp.MRK,193,0.014643,
2025-10-02 10:44:26.942,1759394666.942175,M:\working_package_2\2024_dronecampaign\01_data\P1\Marteloskop\20251002\DJI_202510021240_003_marteloskopp1mica60m\DJI_202510021240_003_marteloskopp1mica60m_Timestamp.MRK,194,0.014643,
2025-10-02 10:44:28.139,1759394668.139993,M:\working_package_2\2024_dronecampaign\01_data\P1\Marteloskop\20251002\DJI_202510021240_003_marteloskopp1mica60m\DJI_202510021240_003_marteloskopp1mica60m_Timestamp.MRK,195,0.014643,
2025-10-02 10:44:29.342,1759394669.342361,M:\working_package_2\2024_dronecampaign\01_data\P1\Marteloskop\20251002\DJI_202510021240_003_marteloskopp1mica60m\DJI_202510021240_003_marteloskopp1mica60m_Timestamp.MRK,196,0.014643,
2025-10-02 10:44:29.923,1759394669.923668,M:\working_package_2\2024_dronecampaign\01_data\P1\Marteloskop\20251002\DJI_202510021240_003_marteloskopp1mica60m\DJI_202510021240_003_marteloskopp1mica60m_Timestamp.MRK,197,0.014643,
2025-10-02 10:44:31.474,1759394671.474298,M:\working_package_2\2024_dronecampaign\01_data\P1\Marteloskop\20251002\DJI_202510021240_003_marteloskopp1mica60m\DJI_202510021240_003_marteloskopp1mica60m_Timestamp.MRK,198,0.014643,
2025-10-02 10:44:32.689,1759394672.689386,M:\working_package_2\2024_dronecampaign\01_data\P1\Marteloskop\20251002\DJI_202510021240_003_marteloskopp1mica60m\DJI_202510021240_003_marteloskopp1mica60m_Timestamp.MRK,199,0.014643,
2025-10-02 10:44:33.368,1759394673.368864,M:\working_package_2\2024_dronecampaign\01_data\P1\Marteloskop\20251002\DJI_202510021240_003_marteloskopp1mica60m\DJI_202510021240_003_marteloskopp1mica60m_Timestamp.MRK,200,0.014643,
2025-10-02 10:44:33.953,1759394673.953660,M:\working_package_2\2024_dronecampaign\01_data\P1\Marteloskop\20251002\DJI_202510021240_003_marteloskopp1mica60m\DJI_202510021240_003_marteloskopp1mica60m_Timestamp.MRK,201,0.014643,
2025-10-02 10:44:34.892,1759394674.892485,M:\working_package_2\2024_dronecampaign\01_data\P1\Marteloskop\20251002\DJI_202510021240_003_marteloskopp1mica60m\DJI_202510021240_003_marteloskopp1mica60m_Timestamp.MRK,202,0.014643,
2025-10-02 10:44:36.075,1759394676.075136,M:\working_package_2\2024_dronecampaign\01_data\P1\Marteloskop\20251002\DJI_202510021240_003_marteloskopp1mica60m\DJI_202510021240_003_marteloskopp1mica60m_Timestamp.MRK,203,0.014643,
2025-10-02 10:44:37.290,1759394677.290309,M:\working_package_2\2024_dronecampaign\01_data\P1\Marteloskop\20251002\DJI_202510021240_003_marteloskopp1mica60m\DJI_202510021240_003_marteloskopp1mica60m_Timestamp.MRK,204,0.014643,
2025-10-02 10:44:38.489,1759394678.489064,M:\working_package_2\2024_dronecampaign\01_data\P1\Marteloskop\20251002\DJI_202510021240_003_marteloskopp1mica60m\DJI_202510021240_003_marteloskopp1mica60m_Timestamp.MRK,205,0.014643,
2025-10-02 10:44:39.672,1759394679.672952,M:\working_package_2\2024_dronecampaign\01_data\P1\Marteloskop\20251002\DJI_202510021240_003_marteloskopp1mica60m\DJI_202510021240_003_marteloskopp1mica60m_Timestamp.MRK,206,0.014643,
2025-10-02 10:44:40.874,1759394680.874454,M:\working_package_2\2024_dronecampaign\01_data\P1\Marteloskop\20251002\DJI_202510021240_003_marteloskopp1mica60m\DJI_202510021240_003_marteloskopp1mica60m_Timestamp.MRK,207,0.014643,
2025-10-02 10:44:42.090,1759394682.090440,M:\working_package_2\2024_dronecampaign\01_data\P1\Marteloskop\20251002\DJI_202510021240_003_marteloskopp1mica60m\DJI_202510021240_003_marteloskopp1mica60m_Timestamp.MRK,208,0.014643,
2025-10-02 10:44:43.287,1759394683.287479,M:\working_package_2\2024_dronecampaign\01_data\P1\Marteloskop\20251002\DJI_202510021240_003_marteloskopp1mica60m\DJI_202510021240_003_marteloskopp1mica60m_Timestamp.MRK,209,0.014643,
2025-10-02 10:44:44.485,1759394684.485970,M:\working_package_2\2024_dronecampaign\01_data\P1\Marteloskop\20251002\DJI_202510021240_003_marteloskopp1mica60m\DJI_202510021240_003_marteloskopp1mica60m_Timestamp.MRK,210,0.014643,
2025-10-02 10:44:45.587,1759394685.587335,M:\working_package_2\2024_dronecampaign\01_data\P1\Marteloskop\20251002\DJI_202510021240_003_marteloskopp1mica60m\DJI_202510021240_003_marteloskopp1mica60m_Timestamp.MRK,211,0.014643,
2025-10-02 10:44:46.803,1759394686.803087,M:\working_package_2\2024_dronecampaign\01_data\P1\Marteloskop\20251002\DJI_202510021240_003_marteloskopp1mica60m\DJI_202510021240_003_marteloskopp1mica60m_Timestamp.MRK,212,0.014643,
2025-10-02 10:44:48.001,1759394688.001352,M:\working_package_2\2024_dronecampaign\01_data\P1\Marteloskop\20251002\DJI_202510021240_003_marteloskopp1mica60m\DJI_202510021240_003_marteloskopp1mica60m_Timestamp.MRK,213,0.014643,
2025-10-02 10:44:49.201,1759394689.201215,M:\working_package_2\2024_dronecampaign\01_data\P1\Marteloskop\20251002\DJI_202510021240_003_marteloskopp1mica60m\DJI_202510021240_003_marteloskopp1mica60m_Timestamp.MRK,214,0.014643,
2025-10-02 10:44:50.383,1759394690.383799,M:\working_package_2\2024_dronecampaign\01_data\P1\Marteloskop\20251002\DJI_202510021240_003_marteloskopp1mica60m\DJI_202510021240_003_marteloskopp1mica60m_Timestamp.MRK,215,0.014643,
2025-10-02 10:44:51.581,1759394691.581088,M:\working_package_2\2024_dronecampaign\01_data\P1\Marteloskop\20251002\DJI_202510021240_003_marteloskopp1mica60m\DJI_202510021240_003_marteloskopp1mica60m_Timestamp.MRK,216,0.014643,
2025-10-02 10:44:52.795,1759394692.795844,M:\working_package_2\2024_dronecampaign\01_data\P1\Marteloskop\20251002\DJI_202510021240_003_marteloskopp1mica60m\DJI_202510021240_003_marteloskopp1mica60m_Timestamp.MRK,217,0.014643,
2025-10-02 10:44:54.012,1759394694.012829,M:\working_package_2\2024_dronecampaign\01_data\P1\Marteloskop\20251002\DJI_202510021240_003_marteloskopp1mica60m\DJI_202510021240_003_marteloskopp1mica60m_Timestamp.MRK,218,0.014643,
2025-10-02 10:44:55.112,1759394695.112631,M:\working_package_2\2024_dronecampaign\01_data\P1\Marteloskop\20251002\DJI_202510021240_003_marteloskopp1mica60m\DJI_202510021240_003_marteloskopp1mica60m_Timestamp.MRK,219,0.014643,
2025-10-02 10:44:56.213,1759394696.213306,M:\working_package_2\2024_dronecampaign\01_data\P1\Marteloskop\20251002\DJI_202510021240_003_marteloskopp1mica60m\DJI_202510021240_003_marteloskopp1mica60m_Timestamp.MRK,220,0.014643,
2025-10-02 10:44:56.793,1759394696.793766,M:\working_package_2\2024_dronecampaign\01_data\P1\Marteloskop\20251002\DJI_202510021240_003_marteloskopp1mica60m\DJI_202510021240_003_marteloskopp1mica60m_Timestamp.MRK,221,0.014643,
2025-10-02 10:44:57.804,1759394697.804580,M:\working_package_2\2024_dronecampaign\01_data\P1\Marteloskop\20251002\DJI_202510021240_003_marteloskopp1mica60m\DJI_202510021240_003_marteloskopp1mica60m_Timestamp.MRK,222,0.014643,
2025-10-02 10:44:59.002,1759394699.002950,M:\working_package_2\2024_dronecampaign\01_data\P1\Marteloskop\20251002\DJI_202510021240_003_marteloskopp1mica60m\DJI_202510021240_003_marteloskopp1mica60m_Timestamp.MRK,223,0.014643,
2025-10-02 10:45:00.104,1759394700.104151,M:\working_package_2\2024_dronecampaign\01_data\P1\Marteloskop\20251002\DJI_202510021240_003_marteloskopp1mica60m\DJI_202510021240_003_marteloskopp1mica60m_Timestamp.MRK,224,0.014643,
2025-10-02 10:45:00.685,1759394700.685849,M:\working_package_2\2024_dronecampaign\01_data\P1\Marteloskop\20251002\DJI_202510021240_003_marteloskopp1mica60m\DJI_202510021240_003_marteloskopp1mica60m_Timestamp.MRK,225,0.014643,
2025-10-02 10:45:01.710,1759394701.710653,M:\working_package_2\2024_dronecampaign\01_data\P1\Marteloskop\20251002\DJI_202510021240_003_marteloskopp1mica60m\DJI_202510021240_003_marteloskopp1mica60m_Timestamp.MRK,226,0.014643,
2025-10-02 10:45:02.929,1759394702.929607,M:\working_package_2\2024_dronecampaign\01_data\P1\Marteloskop\20251002\DJI_202510021240_003_marteloskopp1mica60m\DJI_202510021240_003_marteloskopp1mica60m_Timestamp.MRK,227,0.014643,
2025-10-02 10:45:04.527,1759394704.527464,M:\working_package_2\2024_dronecampaign\01_data\P1\Marteloskop\20251002\DJI_202510021240_003_marteloskopp1mica60m\DJI_202510021240_003_marteloskopp1mica60m_Timestamp.MRK,228,0.014643,
2025-10-02 10:45:05.728,1759394705.728176,M:\working_package_2\2024_dronecampaign\01_data\P1\Marteloskop\20251002\DJI_202510021240_003_marteloskopp1mica60m\DJI_202510021240_003_marteloskopp1mica60m_Timestamp.MRK,229,0.014643,
2025-10-02 10:45:06.043,1759394706.043060,M:\working_package_2\2024_dronecampaign\01_data\P1\Marteloskop\20251002\DJI_202510021240_003_marteloskopp1mica60m\DJI_202510021240_003_marteloskopp1mica60m_Timestamp.MRK,1,0.014874,
2025-10-02 10:45:06.826,1759394706.826497,M:\working_package_2\2024_dronecampaign\01_data\P1\Marteloskop\20251002\DJI_202510021240_003_marteloskopp1mica60m\DJI_202510021240_003_marteloskopp1mica60m_Timestamp.MRK,230,0.014643,
2025-10-02 10:45:07.190,1759394707.190531,M:\working_package_2\2024_dronecampaign\01_data\P1\Marteloskop\20251002\DJI_202510021240_003_marteloskopp1mica60m\DJI_202510021240_003_marteloskopp1mica60m_Timestamp.MRK,2,0.014860,
2025-10-02 10:45:08.025,1759394708.025626,M:\working_package_2\2024_dronecampaign\01_data\P1\Marteloskop\20251002\DJI_202510021240_003_marteloskopp1mica60m\DJI_202510021240_003_marteloskopp1mica60m_Timestamp.MRK,231,0.014643,
2025-10-02 10:45:08.405,1759394708.405959,M:\working_package_2\2024_dronecampaign\01_data\P1\Marteloskop\20251002\DJI_202510021240_003_marteloskopp1mica60m\DJI_202510021240_003_marteloskopp1mica60m_Timestamp.MRK,3,0.014874,
2025-10-02 10:45:09.224,1759394709.224150,M:\working_package_2\2024_dronecampaign\01_data\P1\Marteloskop\20251002\DJI_202510021240_003_marteloskopp1mica60m\DJI_202510021240_003_marteloskopp1mica60m_Timestamp.MRK,232,0.014643,
2025-10-02 10:45:09.588,1759394709.588117,M:\working_package_2\2024_dronecampaign\01_data\P1\Marteloskop\20251002\DJI_202510021240_003_marteloskopp1mica60m\DJI_202510021240_003_marteloskopp1mica60m_Timestamp.MRK,4,0.014831,
2025-10-02 10:45:10.178,1759394710.178676,M:\working_package_2\2024_dronecampaign\01_data\P1\Marteloskop\20251002\DJI_202510021240_003_marteloskopp1mica60m\DJI_202510021240_003_marteloskopp1mica60m_Timestamp.MRK,5,0.014836,
2025-10-02 10:45:10.423,1759394710.423889,M:\working_package_2\2024_dronecampaign\01_data\P1\Marteloskop\20251002\DJI_202510021240_003_marteloskopp1mica60m\DJI_202510021240_003_marteloskopp1mica60m_Timestamp.MRK,233,0.014643,
2025-10-02 10:45:11.392,1759394711.392536,M:\working_package_2\2024_dronecampaign\01_data\P1\Marteloskop\20251002\DJI_202510021240_003_marteloskopp1mica60m\DJI_202510021240_003_marteloskopp1mica60m_Timestamp.MRK,6,0.014828,
2025-10-02 10:45:11.624,1759394711.624127,M:\working_package_2\2024_dronecampaign\01_data\P1\Marteloskop\20251002\DJI_202510021240_003_marteloskopp1mica60m\DJI_202510021240_003_marteloskopp1mica60m_Timestamp.MRK,234,0.014643,
2025-10-02 10:45:12.590,1759394712.590720,M:\working_package_2\2024_dronecampaign\01_data\P1\Marteloskop\20251002\DJI_202510021240_003_marteloskopp1mica60m\DJI_202510021240_003_marteloskopp1mica60m_Timestamp.MRK,7,0.014839,
2025-10-02 10:45:12.821,1759394712.821820,M:\working_package_2\2024_dronecampaign\01_data\P1\Marteloskop\20251002\DJI_202510021240_003_marteloskopp1mica60m\DJI_202510021240_003_marteloskopp1mica60m_Timestamp.MRK,235,0.014643,
2025-10-02 10:45:13.806,1759394713.806168,M:\working_package_2\2024_dronecampaign\01_data\P1\Marteloskop\20251002\DJI_202510021240_003_marteloskopp1mica60m\DJI_202510021240_003_marteloskopp1mica60m_Timestamp.MRK,8,0.014866,
2025-10-02 10:45:14.052,1759394714.052466,M:\working_package_2\2024_dronecampaign\01_data\P1\Marteloskop\20251002\DJI_202510021240_003_marteloskopp1mica60m\DJI_202510021240_003_marteloskopp1mica60m_Timestamp.MRK,236,0.014643,
2025-10-02 10:45:14.859,1759394714.859715,M:\working_package_2\2024_dronecampaign\01_data\P1\Marteloskop\20251002\DJI_202510021240_003_marteloskopp1mica60m\DJI_202510021240_003_marteloskopp1mica60m_Timestamp.MRK,237,0.014643,
2025-10-02 10:45:14.988,1759394714.988045,M:\working_package_2\2024_dronecampaign\01_data\P1\Marteloskop\20251002\DJI_202510021240_003_marteloskopp1mica60m\DJI_202510021240_003_marteloskopp1mica60m_Timestamp.MRK,9,0.014833,
2025-10-02 10:45:16.184,1759394716.184364,M:\working_package_2\2024_dronecampaign\01_data\P1\Marteloskop\20251002\DJI_202510021240_003_marteloskopp1mica60m\DJI_202510021240_003_marteloskopp1mica60m_Timestamp.MRK,10,0.014831,
2025-10-02 10:45:16.239,1759394716.239873,M:\working_package_2\2024_dronecampaign\01_data\P1\Marteloskop\20251002\DJI_202510021240_003_marteloskopp1mica60m\DJI_202510021240_003_marteloskopp1mica60m_Timestamp.MRK,238,0.014643,
2025-10-02 10:45:17.199,1759394717.199760,M:\working_package_2\2024_dronecampaign\01_data\P1\Marteloskop\20251002\DJI_202510021240_003_marteloskopp1mica60m\DJI_202510021240_003_marteloskopp1mica60m_Timestamp.MRK,11,0.014854,
2025-10-02 10:45:17.356,1759394717.356709,M:\working_package_2\2024_dronecampaign\01_data\P1\Marteloskop\20251002\DJI_202510021240_003_marteloskopp1mica60m\DJI_202510021240_003_marteloskopp1mica60m_Timestamp.MRK,239,0.014643,
2025-10-02 10:45:18.558,1759394718.558696,M:\working_package_2\2024_dronecampaign\01_data\P1\Marteloskop\20251002\DJI_202510021240_003_marteloskopp1mica60m\DJI_202510021240_003_marteloskopp1mica60m_Timestamp.MRK,240,0.014643,
2025-10-02 10:45:18.618,1759394718.618481,M:\working_package_2\2024_dronecampaign\01_data\P1\Marteloskop\20251002\DJI_202510021240_003_marteloskopp1mica60m\DJI_202510021240_003_marteloskopp1mica60m_Timestamp.MRK,12,0.014890,
2025-10-02 10:45:19.745,1759394719.745217,M:\working_package_2\2024_dronecampaign\01_data\P1\Marteloskop\20251002\DJI_202510021240_003_marteloskopp1mica60m\DJI_202510021240_003_marteloskopp1mica60m_Timestamp.MRK,241,0.014643,
2025-10-02 10:45:19.801,1759394719.801464,M:\working_package_2\2024_dronecampaign\01_data\P1\Marteloskop\20251002\DJI_202510021240_003_marteloskopp1mica60m\DJI_202510021240_003_marteloskopp1mica60m_Timestamp.MRK,13,0.014879,
2025-10-02 10:45:20.978,1759394720.978099,M:\working_package_2\2024_dronecampaign\01_data\P1\Marteloskop\20251002\DJI_202510021240_003_marteloskopp1mica60m\DJI_202510021240_003_marteloskopp1mica60m_Timestamp.MRK,242,0.014643,
2025-10-02 10:45:20.997,1759394720.997613,M:\working_package_2\2024_dronecampaign\01_data\P1\Marteloskop\20251002\DJI_202510021240_003_marteloskopp1mica60m\DJI_202510021240_003_marteloskopp1mica60m_Timestamp.MRK,14,0.014860,
2025-10-02 10:45:21.562,1759394721.562492,M:\working_package_2\2024_dronecampaign\01_data\P1\Marteloskop\20251002\DJI_202510021240_003_marteloskopp1mica60m\DJI_202510021240_003_marteloskopp1mica60m_Timestamp.MRK,243,0.014643,
2025-10-02 10:45:22.193,1759394722.193373,M:\working_package_2\2024_dronecampaign\01_data\P1\Marteloskop\20251002\DJI_202510021240_003_marteloskopp1mica60m\DJI_202510021240_003_marteloskopp1mica60m_Timestamp.MRK,15,0.014843,
2025-10-02 10:45:22.784,1759394722.784904,M:\working_package_2\2024_dronecampaign\01_data\P1\Marteloskop\20251002\DJI_202510021240_003_marteloskopp1mica60m\DJI_202510021240_003_marteloskopp1mica60m_Timestamp.MRK,244,0.014643,
2025-10-02 10:45:23.423,1759394723.423929,M:\working_package_2\2024_dronecampaign\01_data\P1\Marteloskop\20251002\DJI_202510021240_003_marteloskopp1mica60m\DJI_202510021240_003_marteloskopp1mica60m_Timestamp.MRK,16,0.014875,
2025-10-02 10:45:23.967,1759394723.967932,M:\working_package_2\2024_dronecampaign\01_data\P1\Marteloskop\20251002\DJI_202510021240_003_marteloskopp1mica60m\DJI_202510021240_003_marteloskopp1mica60m_Timestamp.MRK,245,0.014643,
2025-10-02 10:45:24.507,1759394724.507449,M:\working_package_2\2024_dronecampaign\01_data\P1\Marteloskop\20251002\DJI_202510021240_003_marteloskopp1mica60m\DJI_202510021240_003_marteloskopp1mica60m_Timestamp.MRK,17,0.014892,
2025-10-02 10:45:24.983,1759394724.983636,M:\working_package_2\2024_dronecampaign\01_data\P1\Marteloskop\20251002\DJI_202510021240_003_marteloskopp1mica60m\DJI_202510021240_003_marteloskopp1mica60m_Timestamp.MRK,246,0.014643,
2025-10-02 10:45:25.721,1759394725.721891,M:\working_package_2\2024_dronecampaign\01_data\P1\Marteloskop\20251002\DJI_202510021240_003_marteloskopp1mica60m\DJI_202510021240_003_marteloskopp1mica60m_Timestamp.MRK,18,0.014913,
2025-10-02 10:45:26.467,1759394726.467574,M:\working_package_2\2024_dronecampaign\01_data\P1\Marteloskop\20251002\DJI_202510021240_003_marteloskopp1mica60m\DJI_202510021240_003_marteloskopp1mica60m_Timestamp.MRK,247,0.014643,
2025-10-02 10:45:26.920,1759394726.920666,M:\working_package_2\2024_dronecampaign\01_data\P1\Marteloskop\20251002\DJI_202510021240_003_marteloskopp1mica60m\DJI_202510021240_003_marteloskopp1mica60m_Timestamp.MRK,19,0.014803,
2025-10-02 10:45:27.597,1759394727.597653,M:\working_package_2\2024_dronecampaign\01_data\P1\Marteloskop\20251002\DJI_202510021240_003_marteloskopp1mica60m\DJI_202510021240_003_marteloskopp1mica60m_Timestamp.MRK,248,0.014643,
2025-10-02 10:45:28.135,1759394728.135146,M:\working_package_2\2024_dronecampaign\01_data\P1\Marteloskop\20251002\DJI_202510021240_003_marteloskopp1mica60m\DJI_202510021240_003_marteloskopp1mica60m_Timestamp.MRK,20,0.014453,
2025-10-02 10:45:28.595,1759394728.595657,M:\working_package_2\2024_dronecampaign\01_data\P1\Marteloskop\20251002\DJI_202510021240_003_marteloskopp1mica60m\DJI_202510021240_003_marteloskopp1mica60m_Timestamp.MRK,249,0.014643,
2025-10-02 10:45:29.176,1759394729.176976,M:\working_package_2\2024_dronecampaign\01_data\P1\Marteloskop\20251002\DJI_202510021240_003_marteloskopp1mica60m\DJI_202510021240_003_marteloskopp1mica60m_Timestamp.MRK,250,0.014643,
2025-10-02 10:45:29.315,1759394729.315796,M:\working_package_2\2024_dronecampaign\01_data\P1\Marteloskop\20251002\DJI_202510021240_003_marteloskopp1mica60m\DJI_202510021240_003_marteloskopp1mica60m_Timestamp.MRK,21,0.014442,
2025-10-02 10:45:30.095,1759394730.095938,M:\working_package_2\2024_dronecampaign\01_data\P1\Marteloskop\20251002\DJI_202510021240_003_marteloskopp1mica60m\DJI_202510021240_003_marteloskopp1mica60m_Timestamp.MRK,251,0.014643,
2025-10-02 10:45:30.419,1759394730.419773,M:\working_package_2\2024_dronecampaign\01_data\P1\Marteloskop\20251002\DJI_202510021240_003_marteloskopp1mica60m\DJI_202510021240_003_marteloskopp1mica60m_Timestamp.MRK,22,0.014378,
2025-10-02 10:45:31.009,1759394731.009424,M:\working_package_2\2024_dronecampaign\01_data\P1\Marteloskop\20251002\DJI_202510021240_003_marteloskopp1mica60m\DJI_202510021240_003_marteloskopp1mica60m_Timestamp.MRK,23,0.014347,
2025-10-02 10:45:31.292,1759394731.292067,M:\working_package_2\2024_dronecampaign\01_data\P1\Marteloskop\20251002\DJI_202510021240_003_marteloskopp1mica60m\DJI_202510021240_003_marteloskopp1mica60m_Timestamp.MRK,252,0.014643,
2025-10-02 10:45:32.011,1759394732.011971,M:\working_package_2\2024_dronecampaign\01_data\P1\Marteloskop\20251002\DJI_202510021240_003_marteloskopp1mica60m\DJI_202510021240_003_marteloskopp1mica60m_Timestamp.MRK,24,0.014365,
2025-10-02 10:45:32.489,1759394732.489654,M:\working_package_2\2024_dronecampaign\01_data\P1\Marteloskop\20251002\DJI_202510021240_003_marteloskopp1mica60m\DJI_202510021240_003_marteloskopp1mica60m_Timestamp.MRK,253,0.014643,
2025-10-02 10:45:33.210,1759394733.210779,M:\working_package_2\2024_dronecampaign\01_data\P1\Marteloskop\20251002\DJI_202510021240_003_marteloskopp1mica60m\DJI_202510021240_003_marteloskopp1mica60m_Timestamp.MRK,25,0.014465,
2025-10-02 10:45:33.702,1759394733.702928,M:\working_package_2\2024_dronecampaign\01_data\P1\Marteloskop\20251002\DJI_202510021240_003_marteloskopp1mica60m\DJI_202510021240_003_marteloskopp1mica60m_Timestamp.MRK,254,0.014643,
2025-10-02 10:45:34.024,1759394734.024663,M:\working_package_2\2024_dronecampaign\01_data\P1\Marteloskop\20251002\DJI_202510021240_003_marteloskopp1mica60m\DJI_202510021240_003_marteloskopp1mica60m_Timestamp.MRK,26,0.015195,
2025-10-02 10:45:34.884,1759394734.884766,M:\working_package_2\2024_dronecampaign\01_data\P1\Marteloskop\20251002\DJI_202510021240_003_marteloskopp1mica60m\DJI_202510021240_003_marteloskopp1mica60m_Timestamp.MRK,255,0.014643,
2025-10-02 10:45:35.511,1759394735.511496,M:\working_package_2\2024_dronecampaign\01_data\P1\Marteloskop\20251002\DJI_202510021240_003_marteloskopp1mica60m\DJI_202510021240_003_marteloskopp1mica60m_Timestamp.MRK,27,0.015057,
2025-10-02 10:45:36.097,1759394736.097391,M:\working_package_2\2024_dronecampaign\01_data\P1\Marteloskop\20251002\DJI_202510021240_003_marteloskopp1mica60m\DJI_202510021240_003_marteloskopp1mica60m_Timestamp.MRK,256,0.014643,
2025-10-02 10:45:36.708,1759394736.708701,M:\working_package_2\2024_dronecampaign\01_data\P1\Marteloskop\20251002\DJI_202510021240_003_marteloskopp1mica60m\DJI_202510021240_003_marteloskopp1mica60m_Timestamp.MRK,28,0.014954,
2025-10-02 10:45:37.279,1759394737.279141,M:\working_package_2\2024_dronecampaign\01_data\P1\Marteloskop\20251002\DJI_202510021240_003_marteloskopp1mica60m\DJI_202510021240_003_marteloskopp1mica60m_Timestamp.MRK,257,0.014643,
2025-10-02 10:45:37.293,1759394737.293995,M:\working_package_2\2024_dronecampaign\01_data\P1\Marteloskop\20251002\DJI_202510021240_003_marteloskopp1mica60m\DJI_202510021240_003_marteloskopp1mica60m_Timestamp.MRK,29,0.014926,
2025-10-02 10:45:38.410,1759394738.410063,M:\working_package_2\2024_dronecampaign\01_data\P1\Marteloskop\20251002\DJI_202510021240_003_marteloskopp1mica60m\DJI_202510021240_003_marteloskopp1mica60m_Timestamp.MRK,30,0.014860,
2025-10-02 10:45:38.491,1759394738.491401,M:\working_package_2\2024_dronecampaign\01_data\P1\Marteloskop\20251002\DJI_202510021240_003_marteloskopp1mica60m\DJI_202510021240_003_marteloskopp1mica60m_Timestamp.MRK,258,0.014643,
2025-10-02 10:45:39.604,1759394739.604825,M:\working_package_2\2024_dronecampaign\01_data\P1\Marteloskop\20251002\DJI_202510021240_003_marteloskopp1mica60m\DJI_202510021240_003_marteloskopp1mica60m_Timestamp.MRK,259,0.014643,
2025-10-02 10:45:39.624,1759394739.624763,M:\working_package_2\2024_dronecampaign\01_data\P1\Marteloskop\20251002\DJI_202510021240_003_marteloskopp1mica60m\DJI_202510021240_003_marteloskopp1mica60m_Timestamp.MRK,31,0.014917,
2025-10-02 10:45:40.819,1759394740.819821,M:\working_package_2\2024_dronecampaign\01_data\P1\Marteloskop\20251002\DJI_202510021240_003_marteloskopp1mica60m\DJI_202510021240_003_marteloskopp1mica60m_Timestamp.MRK,260,0.014643,
2025-10-02 10:45:40.823,1759394740.823720,M:\working_package_2\2024_dronecampaign\01_data\P1\Marteloskop\20251002\DJI_202510021240_003_marteloskopp1mica60m\DJI_202510021240_003_marteloskopp1mica60m_Timestamp.MRK,32,0.014828,
2025-10-02 10:45:41.604,1759394741.604336,M:\working_package_2\2024_dronecampaign\01_data\P1\Marteloskop\20251002\DJI_202510021240_003_marteloskopp1mica60m\DJI_202510021240_003_marteloskopp1mica60m_Timestamp.MRK,261,0.014643,
2025-10-02 10:45:42.019,1759394742.019736,M:\working_package_2\2024_dronecampaign\01_data\P1\Marteloskop\20251002\DJI_202510021240_003_marteloskopp1mica60m\DJI_202510021240_003_marteloskopp1mica60m_Timestamp.MRK,33,0.014847,
2025-10-02 10:45:42.984,1759394742.984894,M:\working_package_2\2024_dronecampaign\01_data\P1\Marteloskop\20251002\DJI_202510021240_003_marteloskopp1mica60m\DJI_202510021240_003_marteloskopp1mica60m_Timestamp.MRK,262,0.014643,
2025-10-02 10:45:43.237,1759394743.237675,M:\working_package_2\2024_dronecampaign\01_data\P1\Marteloskop\20251002\DJI_202510021240_003_marteloskopp1mica60m\DJI_202510021240_003_marteloskopp1mica60m_Timestamp.MRK,34,0.014860,
2025-10-02 10:45:44.216,1759394744.216572,M:\working_package_2\2024_dronecampaign\01_data\P1\Marteloskop\20251002\DJI_202510021240_003_marteloskopp1mica60m\DJI_202510021240_003_marteloskopp1mica60m_Timestamp.MRK,263,0.014643,
2025-10-02 10:45:44.335,1759394744.335628,M:\working_package_2\2024_dronecampaign\01_data\P1\Marteloskop\20251002\DJI_202510021240_003_marteloskopp1mica60m\DJI_202510021240_003_marteloskopp1mica60m_Timestamp.MRK,35,0.014846,
2025-10-02 10:45:45.400,1759394745.400252,M:\working_package_2\2024_dronecampaign\01_data\P1\Marteloskop\20251002\DJI_202510021240_003_marteloskopp1mica60m\DJI_202510021240_003_marteloskopp1mica60m_Timestamp.MRK,264,0.014643,
2025-10-02 10:45:45.532,1759394745.532471,M:\working_package_2\2024_dronecampaign\01_data\P1\Marteloskop\20251002\DJI_202510021240_003_marteloskopp1mica60m\DJI_202510021240_003_marteloskopp1mica60m_Timestamp.MRK,36,0.014850,
2025-10-02 10:45:46.616,1759394746.616277,M:\working_package_2\2024_dronecampaign\01_data\P1\Marteloskop\20251002\DJI_202510021240_003_marteloskopp1mica60m\DJI_202510021240_003_marteloskopp1mica60m_Timestamp.MRK,265,0.014643,
2025-10-02 10:45:46.729,1759394746.729929,M:\working_package_2\2024_dronecampaign\01_data\P1\Marteloskop\20251002\DJI_202510021240_003_marteloskopp1mica60m\DJI_202510021240_003_marteloskopp1mica60m_Timestamp.MRK,37,0.014851,
2025-10-02 10:45:47.315,1759394747.315847,M:\working_package_2\2024_dronecampaign\01_data\P1\Marteloskop\20251002\DJI_202510021240_003_marteloskopp1mica60m\DJI_202510021240_003_marteloskopp1mica60m_Timestamp.MRK,38,0.014857,
2025-10-02 10:45:47.816,1759394747.816172,M:\working_package_2\2024_dronecampaign\01_data\P1\Marteloskop\20251002\DJI_202510021240_003_marteloskopp1mica60m\DJI_202510021240_003_marteloskopp1mica60m_Timestamp.MRK,266,0.014643,
2025-10-02 10:45:48.530,1759394748.530940,M:\working_package_2\2024_dronecampaign\01_data\P1\Marteloskop\20251002\DJI_202510021240_003_marteloskopp1mica60m\DJI_202510021240_003_marteloskopp1mica60m_Timestamp.MRK,39,0.014861,
2025-10-02 10:45:49.013,1759394749.013689,M:\working_package_2\2024_dronecampaign\01_data\P1\Marteloskop\20251002\DJI_202510021240_003_marteloskopp1mica60m\DJI_202510021240_003_marteloskopp1mica60m_Timestamp.MRK,267,0.014643,
2025-10-02 10:45:49.728,1759394749.728329,M:\working_package_2\2024_dronecampaign\01_data\P1\Marteloskop\20251002\DJI_202510021240_003_marteloskopp1mica60m\DJI_202510021240_003_marteloskopp1mica60m_Timestamp.MRK,40,0.014877,
2025-10-02 10:45:50.145,1759394750.145075,M:\working_package_2\2024_dronecampaign\01_data\P1\Marteloskop\20251002\DJI_202510021240_003_marteloskopp1mica60m\DJI_202510021240_003_marteloskopp1mica60m_Timestamp.MRK,268,0.014643,
2025-10-02 10:45:50.925,1759394750.925948,M:\working_package_2\2024_dronecampaign\01_data\P1\Marteloskop\20251002\DJI_202510021240_003_marteloskopp1mica60m\DJI_202510021240_003_marteloskopp1mica60m_Timestamp.MRK,41,0.014903,
2025-10-02 10:45:51.013,1759394751.013040,M:\working_package_2\2024_dronecampaign\01_data\P1\Marteloskop\20251002\DJI_202510021240_003_marteloskopp1mica60m\DJI_202510021240_003_marteloskopp1mica60m_Timestamp.MRK,269,0.014643,
2025-10-02 10:45:51.596,1759394751.596165,M:\working_package_2\2024_dronecampaign\01_data\P1\Marteloskop\20251002\DJI_202510021240_003_marteloskopp1mica60m\DJI_202510021240_003_marteloskopp1mica60m_Timestamp.MRK,270,0.014643,
2025-10-02 10:45:52.125,1759394752.125666,M:\working_package_2\2024_dronecampaign\01_data\P1\Marteloskop\20251002\DJI_202510021240_003_marteloskopp1mica60m\DJI_202510021240_003_marteloskopp1mica60m_Timestamp.MRK,42,0.014849,
2025-10-02 10:45:52.632,1759394752.632988,M:\working_package_2\2024_dronecampaign\01_data\P1\Marteloskop\20251002\DJI_202510021240_003_marteloskopp1mica60m\DJI_202510021240_003_marteloskopp1mica60m_Timestamp.MRK,271,0.014643,
2025-10-02 10:45:53.340,1759394753.340577,M:\working_package_2\2024_dronecampaign\01_data\P1\Marteloskop\20251002\DJI_202510021240_003_marteloskopp1mica60m\DJI_202510021240_003_marteloskopp1mica60m_Timestamp.MRK,43,0.014849,
2025-10-02 10:45:53.831,1759394753.831359,M:\working_package_2\2024_dronecampaign\01_data\P1\Marteloskop\20251002\DJI_202510021240_003_marteloskopp1mica60m\DJI_202510021240_003_marteloskopp1mica60m_Timestamp.MRK,272,0.014643,
2025-10-02 10:45:54.528,1759394754.528802,M:\working_package_2\2024_dronecampaign\01_data\P1\Marteloskop\20251002\DJI_202510021240_003_marteloskopp1mica60m\DJI_202510021240_003_marteloskopp1mica60m_Timestamp.MRK,273,0.014643,
2025-10-02 10:45:54.537,1759394754.537599,M:\working_package_2\2024_dronecampaign\01_data\P1\Marteloskop\20251002\DJI_202510021240_003_marteloskopp1mica60m\DJI_202510021240_003_marteloskopp1mica60m_Timestamp.MRK,44,0.014858,
2025-10-02 10:45:55.114,1759394755.114759,M:\working_package_2\2024_dronecampaign\01_data\P1\Marteloskop\20251002\DJI_202510021240_003_marteloskopp1mica60m\DJI_202510021240_003_marteloskopp1mica60m_Timestamp.MRK,274,0.014643,
2025-10-02 10:45:55.735,1759394755.735888,M:\working_package_2\2024_dronecampaign\01_data\P1\Marteloskop\20251002\DJI_202510021240_003_marteloskopp1mica60m\DJI_202510021240_003_marteloskopp1mica60m_Timestamp.MRK,45,0.014855,
2025-10-02 10:45:56.135,1759394756.135120,M:\working_package_2\2024_dronecampaign\01_data\P1\Marteloskop\20251002\DJI_202510021240_003_marteloskopp1mica60m\DJI_202510021240_003_marteloskopp1mica60m_Timestamp.MRK,275,0.014643,
2025-10-02 10:45:56.850,1759394756.850452,M:\working_package_2\2024_dronecampaign\01_data\P1\Marteloskop\20251002\DJI_202510021240_003_marteloskopp1mica60m\DJI_202510021240_003_marteloskopp1mica60m_Timestamp.MRK,46,0.014840,
2025-10-02 10:45:57.233,1759394757.233881,M:\working_package_2\2024_dronecampaign\01_data\P1\Marteloskop\20251002\DJI_202510021240_003_marteloskopp1mica60m\DJI_202510021240_003_marteloskopp1mica60m_Timestamp.MRK,276,0.014643,
2025-10-02 10:45:58.046,1759394758.046819,M:\working_package_2\2024_dronecampaign\01_data\P1\Marteloskop\20251002\DJI_202510021240_003_marteloskopp1mica60m\DJI_202510021240_003_marteloskopp1mica60m_Timestamp.MRK,47,0.014875,
2025-10-02 10:45:58.433,1759394758.433205,M:\working_package_2\2024_dronecampaign\01_data\P1\Marteloskop\20251002\DJI_202510021240_003_marteloskopp1mica60m\DJI_202510021240_003_marteloskopp1mica60m_Timestamp.MRK,277,0.014643,
2025-10-02 10:45:58.928,1759394758.928144,M:\working_package_2\2024_dronecampaign\01_data\P1\Marteloskop\20251002\DJI_202510021240_003_marteloskopp1mica60m\DJI_202510021240_003_marteloskopp1mica60m_Timestamp.MRK,48,0.014920,
2025-10-02 10:45:59.511,1759394759.511802,M:\working_package_2\2024_dronecampaign\01_data\P1\Marteloskop\20251002\DJI_202510021240_003_marteloskopp1mica60m\DJI_202510021240_003_marteloskopp1mica60m_Timestamp.MRK,49,0.014802,
2025-10-02 10:45:59.634,1759394759.634855,M:\working_package_2\2024_dronecampaign\01_data\P1\Marteloskop\20251002\DJI_202510021240_003_marteloskopp1mica60m\DJI_202510021240_003_marteloskopp1mica60m_Timestamp.MRK,278,0.014643,
2025-10-02 10:46:00.218,1759394760.218978,M:\working_package_2\2024_dronecampaign\01_data\P1\Marteloskop\20251002\DJI_202510021240_003_marteloskopp1mica60m\DJI_202510021240_003_marteloskopp1mica60m_Timestamp.MRK,279,0.014643,
2025-10-02 10:46:00.661,1759394760.661993,M:\working_package_2\2024_dronecampaign\01_data\P1\Marteloskop\20251002\DJI_202510021240_003_marteloskopp1mica60m\DJI_202510021240_003_marteloskopp1mica60m_Timestamp.MRK,50,0.014826,
2025-10-02 10:46:01.142,1759394761.142333,M:\working_package_2\2024_dronecampaign\01_data\P1\Marteloskop\20251002\DJI_202510021240_003_marteloskopp1mica60m\DJI_202510021240_003_marteloskopp1mica60m_Timestamp.MRK,280,0.014643,
2025-10-02 10:46:01.758,1759394761.758765,M:\working_package_2\2024_dronecampaign\01_data\P1\Marteloskop\20251002\DJI_202510021240_003_marteloskopp1mica60m\DJI_202510021240_003_marteloskopp1mica60m_Timestamp.MRK,51,0.014871,
2025-10-02 10:46:02.340,1759394762.340568,M:\working_package_2\2024_dronecampaign\01_data\P1\Marteloskop\20251002\DJI_202510021240_003_marteloskopp1mica60m\DJI_202510021240_003_marteloskopp1mica60m_Timestamp.MRK,281,0.014643,
2025-10-02 10:46:02.557,1759394762.557914,M:\working_package_2\2024_dronecampaign\01_data\P1\Marteloskop\20251002\DJI_202510021240_003_marteloskopp1mica60m\DJI_202510021240_003_marteloskopp1mica60m_Timestamp.MRK,52,0.014868,
2025-10-02 10:46:03.520,1759394763.520747,M:\working_package_2\2024_dronecampaign\01_data\P1\Marteloskop\20251002\DJI_202510021240_003_marteloskopp1mica60m\DJI_202510021240_003_marteloskopp1mica60m_Timestamp.MRK,282,0.014643,
2025-10-02 10:46:04.057,1759394764.057815,M:\working_package_2\2024_dronecampaign\01_data\P1\Marteloskop\20251002\DJI_202510021240_003_marteloskopp1mica60m\DJI_202510021240_003_marteloskopp1mica60m_Timestamp.MRK,53,0.014829,
2025-10-02 10:46:04.739,1759394764.739173,M:\working_package_2\2024_dronecampaign\01_data\P1\Marteloskop\20251002\DJI_202510021240_003_marteloskopp1mica60m\DJI_202510021240_003_marteloskopp1mica60m_Timestamp.MRK,283,0.014643,
2025-10-02 10:46:05.253,1759394765.253631,M:\working_package_2\2024_dronecampaign\01_data\P1\Marteloskop\20251002\DJI_202510021240_003_marteloskopp1mica60m\DJI_202510021240_003_marteloskopp1mica60m_Timestamp.MRK,54,0.014870,
2025-10-02 10:46:05.939,1759394765.939348,M:\working_package_2\2024_dronecampaign\01_data\P1\Marteloskop\20251002\DJI_202510021240_003_marteloskopp1mica60m\DJI_202510021240_003_marteloskopp1mica60m_Timestamp.MRK,284,0.014643,
2025-10-02 10:46:06.451,1759394766.451993,M:\working_package_2\2024_dronecampaign\01_data\P1\Marteloskop\20251002\DJI_202510021240_003_marteloskopp1mica60m\DJI_202510021240_003_marteloskopp1mica60m_Timestamp.MRK,55,0.014933,
2025-10-02 10:46:07.136,1759394767.136865,M:\working_package_2\2024_dronecampaign\01_data\P1\Marteloskop\20251002\DJI_202510021240_003_marteloskopp1mica60m\DJI_202510021240_003_marteloskopp1mica60m_Timestamp.MRK,285,0.014643,
2025-10-02 10:46:07.667,1759394767.667905,M:\working_package_2\2024_dronecampaign\01_data\P1\Marteloskop\20251002\DJI_202510021240_003_marteloskopp1mica60m\DJI_202510021240_003_marteloskopp1mica60m_Timestamp.MRK,56,0.014925,
2025-10-02 10:46:08.254,1759394768.254716,M:\working_package_2\2024_dronecampaign\01_data\P1\Marteloskop\20251002\DJI_202510021240_003_marteloskopp1mica60m\DJI_202510021240_003_marteloskopp1mica60m_Timestamp.MRK,57,0.014910,
2025-10-02 10:46:08.350,1759394768.350311,M:\working_package_2\2024_dronecampaign\01_data\P1\Marteloskop\20251002\DJI_202510021240_003_marteloskopp1mica60m\DJI_202510021240_003_marteloskopp1mica60m_Timestamp.MRK,286,0.014643,
2025-10-02 10:46:09.454,1759394769.454274,M:\working_package_2\2024_dronecampaign\01_data\P1\Marteloskop\20251002\DJI_202510021240_003_marteloskopp1mica60m\DJI_202510021240_003_marteloskopp1mica60m_Timestamp.MRK,58,0.014923,
2025-10-02 10:46:09.549,1759394769.549067,M:\working_package_2\2024_dronecampaign\01_data\P1\Marteloskop\20251002\DJI_202510021240_003_marteloskopp1mica60m\DJI_202510021240_003_marteloskopp1mica60m_Timestamp.MRK,287,0.014643,
2025-10-02 10:46:10.646,1759394770.646428,M:\working_package_2\2024_dronecampaign\01_data\P1\Marteloskop\20251002\DJI_202510021240_003_marteloskopp1mica60m\DJI_202510021240_003_marteloskopp1mica60m_Timestamp.MRK,288,0.014643,
2025-10-02 10:46:10.653,1759394770.653376,M:\working_package_2\2024_dronecampaign\01_data\P1\Marteloskop\20251002\DJI_202510021240_003_marteloskopp1mica60m\DJI_202510021240_003_marteloskopp1mica60m_Timestamp.MRK,59,0.014923,
2025-10-02 10:46:11.842,1759394771.842953,M:\working_package_2\2024_dronecampaign\01_data\P1\Marteloskop\20251002\DJI_202510021240_003_marteloskopp1mica60m\DJI_202510021240_003_marteloskopp1mica60m_Timestamp.MRK,289,0.014643,
2025-10-02 10:46:11.849,1759394771.849660,M:\working_package_2\2024_dronecampaign\01_data\P1\Marteloskop\20251002\DJI_202510021240_003_marteloskopp1mica60m\DJI_202510021240_003_marteloskopp1mica60m_Timestamp.MRK,60,0.014922,
2025-10-02 10:46:12.432,1759394772.432246,M:\working_package_2\2024_dronecampaign\01_data\P1\Marteloskop\20251002\DJI_202510021240_003_marteloskopp1mica60m\DJI_202510021240_003_marteloskopp1mica60m_Timestamp.MRK,61,0.014885,
2025-10-02 10:46:13.039,1759394773.039654,M:\working_package_2\2024_dronecampaign\01_data\P1\Marteloskop\20251002\DJI_202510021240_003_marteloskopp1mica60m\DJI_202510021240_003_marteloskopp1mica60m_Timestamp.MRK,290,0.014643,
2025-10-02 10:46:13.647,1759394773.647637,M:\working_package_2\2024_dronecampaign\01_data\P1\Marteloskop\20251002\DJI_202510021240_003_marteloskopp1mica60m\DJI_202510021240_003_marteloskopp1mica60m_Timestamp.MRK,62,0.014898,
2025-10-02 10:46:14.254,1759394774.254043,M:\working_package_2\2024_dronecampaign\01_data\P1\Marteloskop\20251002\DJI_202510021240_003_marteloskopp1mica60m\DJI_202510021240_003_marteloskopp1mica60m_Timestamp.MRK,291,0.014643,
2025-10-02 10:46:14.861,1759394774.861814,M:\working_package_2\2024_dronecampaign\01_data\P1\Marteloskop\20251002\DJI_202510021240_003_marteloskopp1mica60m\DJI_202510021240_003_marteloskopp1mica60m_Timestamp.MRK,63,0.014912,
2025-10-02 10:46:15.453,1759394775.453704,M:\working_package_2\2024_dronecampaign\01_data\P1\Marteloskop\20251002\DJI_202510021240_003_marteloskopp1mica60m\DJI_202510021240_003_marteloskopp1mica60m_Timestamp.MRK,292,0.014643,
2025-10-02 10:46:16.043,1759394776.043712,M:\working_package_2\2024_dronecampaign\01_data\P1\Marteloskop\20251002\DJI_202510021240_003_marteloskopp1mica60m\DJI_202510021240_003_marteloskopp1mica60m_Timestamp.MRK,64,0.014877,
2025-10-02 10:46:16.653,1759394776.653268,M:\working_package_2\2024_dronecampaign\01_data\P1\Marteloskop\20251002\DJI_202510021240_003_marteloskopp1mica60m\DJI_202510021240_003_marteloskopp1mica60m_Timestamp.MRK,293,0.014643,
2025-10-02 10:46:17.174,1759394777.174969,M:\working_package_2\2024_dronecampaign\01_data\P1\Marteloskop\20251002\DJI_202510021240_003_marteloskopp1mica60m\DJI_202510021240_003_marteloskopp1mica60m_Timestamp.MRK,65,0.014901,
2025-10-02 10:46:17.355,1759394777.355131,M:\working_package_2\2024_dronecampaign\01_data\P1\Marteloskop\20251002\DJI_202510021240_003_marteloskopp1mica60m\DJI_202510021240_003_marteloskopp1mica60m_Timestamp.MRK,294,0.014643,
2025-10-02 10:46:18.356,1759394778.356643,M:\working_package_2\2024_dronecampaign\01_data\P1\Marteloskop\20251002\DJI_202510021240_003_marteloskopp1mica60m\DJI_202510021240_003_marteloskopp1mica60m_Timestamp.MRK,66,0.014888,
2025-10-02 10:46:18.555,1759394778.555557,M:\working_package_2\2024_dronecampaign\01_data\P1\Marteloskop\20251002\DJI_202510021240_003_marteloskopp1mica60m\DJI_202510021240_003_marteloskopp1mica60m_Timestamp.MRK,295,0.014643,
2025-10-02 10:46:19.553,1759394779.553881,M:\working_package_2\2024_dronecampaign\01_data\P1\Marteloskop\20251002\DJI_202510021240_003_marteloskopp1mica60m\DJI_202510021240_003_marteloskopp1mica60m_Timestamp.MRK,67,0.014908,
2025-10-02 10:46:19.741,1759394779.741039,M:\working_package_2\2024_dronecampaign\01_data\P1\Marteloskop\20251002\DJI_202510021240_003_marteloskopp1mica60m\DJI_202510021240_003_marteloskopp1mica60m_Timestamp.MRK,296,0.014643,
2025-10-02 10:46:20.460,1759394780.460808,M:\working_package_2\2024_dronecampaign\01_data\P1\Marteloskop\20251002\DJI_202510021240_003_marteloskopp1mica60m\DJI_202510021240_003_marteloskopp1mica60m_Timestamp.MRK,297,0.014643,
2025-10-02 10:46:20.752,1759394780.752505,M:\working_package_2\2024_dronecampaign\01_data\P1\Marteloskop\20251002\DJI_202510021240_003_marteloskopp1mica60m\DJI_202510021240_003_marteloskopp1mica60m_Timestamp.MRK,68,0.014894,
2025-10-02 10:46:21.955,1759394781.955322,M:\working_package_2\2024_dronecampaign\01_data\P1\Marteloskop\20251002\DJI_202510021240_003_marteloskopp1mica60m\DJI_202510021240_003_marteloskopp1mica60m_Timestamp.MRK,69,0.014901,
2025-10-02 10:46:21.959,1759394781.959445,M:\working_package_2\2024_dronecampaign\01_data\P1\Marteloskop\20251002\DJI_202510021240_003_marteloskopp1mica60m\DJI_202510021240_003_marteloskopp1mica60m_Timestamp.MRK,298,0.014643,
2025-10-02 10:46:23.140,1759394783.140875,M:\working_package_2\2024_dronecampaign\01_data\P1\Marteloskop\20251002\DJI_202510021240_003_marteloskopp1mica60m\DJI_202510021240_003_marteloskopp1mica60m_Timestamp.MRK,299,0.014643,
2025-10-02 10:46:23.186,1759394783.186863,M:\working_package_2\2024_dronecampaign\01_data\P1\Marteloskop\20251002\DJI_202510021240_003_marteloskopp1mica60m\DJI_202510021240_003_marteloskopp1mica60m_Timestamp.MRK,70,0.014873,
2025-10-02 10:46:24.370,1759394784.370529,M:\working_package_2\2024_dronecampaign\01_data\P1\Marteloskop\20251002\DJI_202510021240_003_marteloskopp1mica60m\DJI_202510021240_003_marteloskopp1mica60m_Timestamp.MRK,300,0.014643,
2025-10-02 10:46:24.384,1759394784.384437,M:\working_package_2\2024_dronecampaign\01_data\P1\Marteloskop\20251002\DJI_202510021240_003_marteloskopp1mica60m\DJI_202510021240_003_marteloskopp1mica60m_Timestamp.MRK,71,0.014878,
2025-10-02 10:46:25.487,1759394785.487299,M:\working_package_2\2024_dronecampaign\01_data\P1\Marteloskop\20251002\DJI_202510021240_003_marteloskopp1mica60m\DJI_202510021240_003_marteloskopp1mica60m_Timestamp.MRK,301,0.014643,
2025-10-02 10:46:25.582,1759394785.582057,M:\working_package_2\2024_dronecampaign\01_data\P1\Marteloskop\20251002\DJI_202510021240_003_marteloskopp1mica60m\DJI_202510021240_003_marteloskopp1mica60m_Timestamp.MRK,72,0.014870,
2025-10-02 10:46:26.685,1759394786.685177,M:\working_package_2\2024_dronecampaign\01_data\P1\Marteloskop\20251002\DJI_202510021240_003_marteloskopp1mica60m\DJI_202510021240_003_marteloskopp1mica60m_Timestamp.MRK,302,0.014643,
2025-10-02 10:46:26.781,1759394786.781270,M:\working_package_2\2024_dronecampaign\01_data\P1\Marteloskop\20251002\DJI_202510021240_003_marteloskopp1mica60m\DJI_202510021240_003_marteloskopp1mica60m_Timestamp.MRK,73,0.014869,
2025-10-02 10:46:27.282,1759394787.282685,M:\working_package_2\2024_dronecampaign\01_data\P1\Marteloskop\20251002\DJI_202510021240_003_marteloskopp1mica60m\DJI_202510021240_003_marteloskopp1mica60m_Timestamp.MRK,303,0.014643,
2025-10-02 10:46:27.365,1759394787.365179,M:\working_package_2\2024_dronecampaign\01_data\P1\Marteloskop\20251002\DJI_202510021240_003_marteloskopp1mica60m\DJI_202510021240_003_marteloskopp1mica60m_Timestamp.MRK,74,0.014876,
2025-10-02 10:46:28.495,1759394788.495113,M:\working_package_2\2024_dronecampaign\01_data\P1\Marteloskop\20251002\DJI_202510021240_003_marteloskopp1mica60m\DJI_202510021240_003_marteloskopp1mica60m_Timestamp.MRK,75,0.014920,
2025-10-02 10:46:28.675,1759394788.675025,M:\working_package_2\2024_dronecampaign\01_data\P1\Marteloskop\20251002\DJI_202510021240_003_marteloskopp1mica60m\DJI_202510021240_003_marteloskopp1mica60m_Timestamp.MRK,304,0.014643,
2025-10-02 10:46:29.709,1759394789.709582,M:\working_package_2\2024_dronecampaign\01_data\P1\Marteloskop\20251002\DJI_202510021240_003_marteloskopp1mica60m\DJI_202510021240_003_marteloskopp1mica60m_Timestamp.MRK,76,0.014855,
2025-10-02 10:46:29.875,1759394789.875228,M:\working_package_2\2024_dronecampaign\01_data\P1\Marteloskop\20251002\DJI_202510021240_003_marteloskopp1mica60m\DJI_202510021240_003_marteloskopp1mica60m_Timestamp.MRK,305,0.014643,
2025-10-02 10:46:30.391,1759394790.391929,M:\working_package_2\2024_dronecampaign\01_data\P1\Marteloskop\20251002\DJI_202510021240_003_marteloskopp1mica60m\DJI_202510021240_003_marteloskopp1mica60m_Timestamp.MRK,77,0.015050,
2025-10-02 10:46:31.072,1759394791.072919,M:\working_package_2\2024_dronecampaign\01_data\P1\Marteloskop\20251002\DJI_202510021240_003_marteloskopp1mica60m\DJI_202510021240_003_marteloskopp1mica60m_Timestamp.MRK,306,0.014643,
2025-10-02 10:46:31.905,1759394791.905941,M:\working_package_2\2024_dronecampaign\01_data\P1\Marteloskop\20251002\DJI_202510021240_003_marteloskopp1mica60m\DJI_202510021240_003_marteloskopp1mica60m_Timestamp.MRK,78,0.015273,
2025-10-02 10:46:32.270,1759394792.270159,M:\working_package_2\2024_dronecampaign\01_data\P1\Marteloskop\20251002\DJI_202510021240_003_marteloskopp1mica60m\DJI_202510021240_003_marteloskopp1mica60m_Timestamp.MRK,307,0.014643,
2025-10-02 10:46:33.105,1759394793.105111,M:\working_package_2\2024_dronecampaign\01_data\P1\Marteloskop\20251002\DJI_202510021240_003_marteloskopp1mica60m\DJI_202510021240_003_marteloskopp1mica60m_Timestamp.MRK,79,0.014990,
2025-10-02 10:46:33.400,1759394793.400208,M:\working_package_2\2024_dronecampaign\01_data\P1\Marteloskop\20251002\DJI_202510021240_003_marteloskopp1mica60m\DJI_202510021240_003_marteloskopp1mica60m_Timestamp.MRK,308,0.014643,
2025-10-02 10:46:34.303,1759394794.303300,M:\working_package_2\2024_dronecampaign\01_data\P1\Marteloskop\20251002\DJI_202510021240_003_marteloskopp1mica60m\DJI_202510021240_003_marteloskopp1mica60m_Timestamp.MRK,80,0.014962,
2025-10-02 10:46:34.597,1759394794.597185,M:\working_package_2\2024_dronecampaign\01_data\P1\Marteloskop\20251002\DJI_202510021240_003_marteloskopp1mica60m\DJI_202510021240_003_marteloskopp1mica60m_Timestamp.MRK,309,0.014643,
2025-10-02 10:46:35.401,1759394795.401137,M:\working_package_2\2024_dronecampaign\01_data\P1\Marteloskop\20251002\DJI_202510021240_003_marteloskopp1mica60m\DJI_202510021240_003_marteloskopp1mica60m_Timestamp.MRK,81,0.014875,
2025-10-02 10:46:35.761,1759394795.761334,M:\working_package_2\2024_dronecampaign\01_data\P1\Marteloskop\20251002\DJI_202510021240_003_marteloskopp1mica60m\DJI_202510021240_003_marteloskopp1mica60m_Timestamp.MRK,310,0.014643,
2025-10-02 10:46:36.801,1759394796.801511,M:\working_package_2\2024_dronecampaign\01_data\P1\Marteloskop\20251002\DJI_202510021240_003_marteloskopp1mica60m\DJI_202510021240_003_marteloskopp1mica60m_Timestamp.MRK,82,0.014863,
2025-10-02 10:46:36.991,1759394796.991683,M:\working_package_2\2024_dronecampaign\01_data\P1\Marteloskop\20251002\DJI_202510021240_003_marteloskopp1mica60m\DJI_202510021240_003_marteloskopp1mica60m_Timestamp.MRK,311,0.014643,
2025-10-02 10:46:37.999,1759394797.999874,M:\working_package_2\2024_dronecampaign\01_data\P1\Marteloskop\20251002\DJI_202510021240_003_marteloskopp1mica60m\DJI_202510021240_003_marteloskopp1mica60m_Timestamp.MRK,83,0.014873,
2025-10-02 10:46:38.171,1759394798.171912,M:\working_package_2\2024_dronecampaign\01_data\P1\Marteloskop\20251002\DJI_202510021240_003_marteloskopp1mica60m\DJI_202510021240_003_marteloskopp1mica60m_Timestamp.MRK,312,0.014643,
2025-10-02 10:46:39.197,1759394799.197079,M:\working_package_2\2024_dronecampaign\01_data\P1\Marteloskop\20251002\DJI_202510021240_003_marteloskopp1mica60m\DJI_202510021240_003_marteloskopp1mica60m_Timestamp.MRK,84,0.014874,
2025-10-02 10:46:39.403,1759394799.403846,M:\working_package_2\2024_dronecampaign\01_data\P1\Marteloskop\20251002\DJI_202510021240_003_marteloskopp1mica60m\DJI_202510021240_003_marteloskopp1mica60m_Timestamp.MRK,313,0.014643,
2025-10-02 10:46:39.787,1759394799.787386,M:\working_package_2\2024_dronecampaign\01_data\P1\Marteloskop\20251002\DJI_202510021240_003_marteloskopp1mica60m\DJI_202510021240_003_marteloskopp1mica60m_Timestamp.MRK,85,0.014907,
2025-10-02 10:46:40.586,1759394800.586094,M:\working_package_2\2024_dronecampaign\01_data\P1\Marteloskop\20251002\DJI_202510021240_003_marteloskopp1mica60m\DJI_202510021240_003_marteloskopp1mica60m_Timestamp.MRK,314,0.014643,
2025-10-02 10:46:40.818,1759394800.818627,M:\working_package_2\2024_dronecampaign\01_data\P1\Marteloskop\20251002\DJI_202510021240_003_marteloskopp1mica60m\DJI_202510021240_003_marteloskopp1mica60m_Timestamp.MRK,86,0.014891,
2025-10-02 10:46:41.784,1759394801.784211,M:\working_package_2\2024_dronecampaign\01_data\P1\Marteloskop\20251002\DJI_202510021240_003_marteloskopp1mica60m\DJI_202510021240_003_marteloskopp1mica60m_Timestamp.MRK,315,0.014643,
2025-10-02 10:46:42.016,1759394802.016066,M:\working_package_2\2024_dronecampaign\01_data\P1\Marteloskop\20251002\DJI_202510021240_003_marteloskopp1mica60m\DJI_202510021240_003_marteloskopp1mica60m_Timestamp.MRK,87,0.014857,
2025-10-02 10:46:42.365,1759394802.365551,M:\working_package_2\2024_dronecampaign\01_data\P1\Marteloskop\20251002\DJI_202510021240_003_marteloskopp1mica60m\DJI_202510021240_003_marteloskopp1mica60m_Timestamp.MRK,316,0.014643,
2025-10-02 10:46:43.213,1759394803.213945,M:\working_package_2\2024_dronecampaign\01_data\P1\Marteloskop\20251002\DJI_202510021240_003_marteloskopp1mica60m\DJI_202510021240_003_marteloskopp1mica60m_Timestamp.MRK,88,0.014859,
2025-10-02 10:46:43.685,1759394803.685253,M:\working_package_2\2024_dronecampaign\01_data\P1\Marteloskop\20251002\DJI_202510021240_003_marteloskopp1mica60m\DJI_202510021240_003_marteloskopp1mica60m_Timestamp.MRK,317,0.014643,
2025-10-02 10:46:44.411,1759394804.411779,M:\working_package_2\2024_dronecampaign\01_data\P1\Marteloskop\20251002\DJI_202510021240_003_marteloskopp1mica60m\DJI_202510021240_003_marteloskopp1mica60m_Timestamp.MRK,89,0.014905,
2025-10-02 10:46:44.901,1759394804.901538,M:\working_package_2\2024_dronecampaign\01_data\P1\Marteloskop\20251002\DJI_202510021240_003_marteloskopp1mica60m\DJI_202510021240_003_marteloskopp1mica60m_Timestamp.MRK,318,0.014643,
2025-10-02 10:46:45.627,1759394805.627720,M:\working_package_2\2024_dronecampaign\01_data\P1\Marteloskop\20251002\DJI_202510021240_003_marteloskopp1mica60m\DJI_202510021240_003_marteloskopp1mica60m_Timestamp.MRK,90,0.014912,
2025-10-02 10:46:45.713,1759394805.713287,M:\working_package_2\2024_dronecampaign\01_data\P1\Marteloskop\20251002\DJI_202510021240_003_marteloskopp1mica60m\DJI_202510021240_003_marteloskopp1mica60m_Timestamp.MRK,319,0.014643,
2025-10-02 10:46:46.708,1759394806.708039,M:\working_package_2\2024_dronecampaign\01_data\P1\Marteloskop\20251002\DJI_202510021240_003_marteloskopp1mica60m\DJI_202510021240_003_marteloskopp1mica60m_Timestamp.MRK,91,0.014934,
2025-10-02 10:46:47.197,1759394807.197490,M:\working_package_2\2024_dronecampaign\01_data\P1\Marteloskop\20251002\DJI_202510021240_003_marteloskopp1mica60m\DJI_202510021240_003_marteloskopp1mica60m_Timestamp.MRK,320,0.014643,
2025-10-02 10:46:47.421,1759394807.421402,M:\working_package_2\2024_dronecampaign\01_data\P1\Marteloskop\20251002\DJI_202510021240_003_marteloskopp1mica60m\DJI_202510021240_003_marteloskopp1mica60m_Timestamp.MRK,92,0.014767,
2025-10-02 10:46:48.395,1759394808.395403,M:\working_package_2\2024_dronecampaign\01_data\P1\Marteloskop\20251002\DJI_202510021240_003_marteloskopp1mica60m\DJI_202510021240_003_marteloskopp1mica60m_Timestamp.MRK,321,0.014643,
2025-10-02 10:46:48.839,1759394808.839659,M:\working_package_2\2024_dronecampaign\01_data\P1\Marteloskop\20251002\DJI_202510021240_003_marteloskopp1mica60m\DJI_202510021240_003_marteloskopp1mica60m_Timestamp.MRK,93,0.014662,
2025-10-02 10:46:49.511,1759394809.511396,M:\working_package_2\2024_dronecampaign\01_data\P1\Marteloskop\20251002\DJI_202510021240_003_marteloskopp1mica60m\DJI_202510021240_003_marteloskopp1mica60m_Timestamp.MRK,322,0.014643,
2025-10-02 10:46:50.036,1759394810.036640,M:\working_package_2\2024_dronecampaign\01_data\P1\Marteloskop\20251002\DJI_202510021240_003_marteloskopp1mica60m\DJI_202510021240_003_marteloskopp1mica60m_Timestamp.MRK,94,0.014646,
2025-10-02 10:46:50.709,1759394810.709638,M:\working_package_2\2024_dronecampaign\01_data\P1\Marteloskop\20251002\DJI_202510021240_003_marteloskopp1mica60m\DJI_202510021240_003_marteloskopp1mica60m_Timestamp.MRK,323,0.014643,
2025-10-02 10:46:50.750,1759394810.750934,M:\working_package_2\2024_dronecampaign\01_data\P1\Marteloskop\20251002\DJI_202510021240_003_marteloskopp1mica60m\DJI_202510021240_003_marteloskopp1mica60m_Timestamp.MRK,95,0.014682,
2025-10-02 10:46:51.709,1759394811.709646,M:\working_package_2\2024_dronecampaign\01_data\P1\Marteloskop\20251002\DJI_202510021240_003_marteloskopp1mica60m\DJI_202510021240_003_marteloskopp1mica60m_Timestamp.MRK,324,0.014643,
2025-10-02 10:46:52.131,1759394812.131535,M:\working_package_2\2024_dronecampaign\01_data\P1\Marteloskop\20251002\DJI_202510021240_003_marteloskopp1mica60m\DJI_202510021240_003_marteloskopp1mica60m_Timestamp.MRK,96,0.014631,
2025-10-02 10:46:53.015,1759394813.015525,M:\working_package_2\2024_dronecampaign\01_data\P1\Marteloskop\20251002\DJI_202510021240_003_marteloskopp1mica60m\DJI_202510021240_003_marteloskopp1mica60m_Timestamp.MRK,325,0.014643,
2025-10-02 10:46:53.328,1759394813.328703,M:\working_package_2\2024_dronecampaign\01_data\P1\Marteloskop\20251002\DJI_202510021240_003_marteloskopp1mica60m\DJI_202510021240_003_marteloskopp1mica60m_Timestamp.MRK,97,0.014601,
2025-10-02 10:46:54.213,1759394814.213198,M:\working_package_2\2024_dronecampaign\01_data\P1\Marteloskop\20251002\DJI_202510021240_003_marteloskopp1mica60m\DJI_202510021240_003_marteloskopp1mica60m_Timestamp.MRK,326,0.014643,
2025-10-02 10:46:54.526,1759394814.526170,M:\working_package_2\2024_dronecampaign\01_data\P1\Marteloskop\20251002\DJI_202510021240_003_marteloskopp1mica60m\DJI_202510021240_003_marteloskopp1mica60m_Timestamp.MRK,98,0.014639,
2025-10-02 10:46:55.325,1759394815.325702,M:\working_package_2\2024_dronecampaign\01_data\P1\Marteloskop\20251002\DJI_202510021240_003_marteloskopp1mica60m\DJI_202510021240_003_marteloskopp1mica60m_Timestamp.MRK,99,0.014561,
2025-10-02 10:46:55.412,1759394815.412108,M:\working_package_2\2024_dronecampaign\01_data\P1\Marteloskop\20251002\DJI_202510021240_003_marteloskopp1mica60m\DJI_202510021240_003_marteloskopp1mica60m_Timestamp.MRK,327,0.014643,
2025-10-02 10:46:55.922,1759394815.922935,M:\working_package_2\2024_dronecampaign\01_data\P1\Marteloskop\20251002\DJI_202510021240_003_marteloskopp1mica60m\DJI_202510021240_003_marteloskopp1mica60m_Timestamp.MRK,100,0.014593,
2025-10-02 10:46:56.625,1759394816.625438,M:\working_package_2\2024_dronecampaign\01_data\P1\Marteloskop\20251002\DJI_202510021240_003_marteloskopp1mica60m\DJI_202510021240_003_marteloskopp1mica60m_Timestamp.MRK,328,0.014643,
2025-10-02 10:46:56.937,1759394816.937367,M:\working_package_2\2024_dronecampaign\01_data\P1\Marteloskop\20251002\DJI_202510021240_003_marteloskopp1mica60m\DJI_202510021240_003_marteloskopp1mica60m_Timestamp.MRK,101,0.014569,
2025-10-02 10:46:57.804,1759394817.804636,M:\working_package_2\2024_dronecampaign\01_data\P1\Marteloskop\20251002\DJI_202510021240_003_marteloskopp1mica60m\DJI_202510021240_003_marteloskopp1mica60m_Timestamp.MRK,329,0.014643,
2025-10-02 10:46:58.134,1759394818.134596,M:\working_package_2\2024_dronecampaign\01_data\P1\Marteloskop\20251002\DJI_202510021240_003_marteloskopp1mica60m\DJI_202510021240_003_marteloskopp1mica60m_Timestamp.MRK,102,0.014559,
2025-10-02 10:46:59.019,1759394819.019740,M:\working_package_2\2024_dronecampaign\01_data\P1\Marteloskop\20251002\DJI_202510021240_003_marteloskopp1mica60m\DJI_202510021240_003_marteloskopp1mica60m_Timestamp.MRK,330,0.014643,
2025-10-02 10:46:59.031,1759394819.031087,M:\working_package_2\2024_dronecampaign\01_data\P1\Marteloskop\20251002\DJI_202510021240_003_marteloskopp1mica60m\DJI_202510021240_003_marteloskopp1mica60m_Timestamp.MRK,103,0.014527,
2025-10-02 10:47:00.201,1759394820.201206,M:\working_package_2\2024_dronecampaign\01_data\P1\Marteloskop\20251002\DJI_202510021240_003_marteloskopp1mica60m\DJI_202510021240_003_marteloskopp1mica60m_Timestamp.MRK,331,0.014643,
2025-10-02 10:47:00.463,1759394820.463678,M:\working_package_2\2024_dronecampaign\01_data\P1\Marteloskop\20251002\DJI_202510021240_003_marteloskopp1mica60m\DJI_202510021240_003_marteloskopp1mica60m_Timestamp.MRK,104,0.014579,
2025-10-02 10:47:01.433,1759394821.433566,M:\working_package_2\2024_dronecampaign\01_data\P1\Marteloskop\20251002\DJI_202510021240_003_marteloskopp1mica60m\DJI_202510021240_003_marteloskopp1mica60m_Timestamp.MRK,332,0.014643,
2025-10-02 10:47:01.643,1759394821.643918,M:\working_package_2\2024_dronecampaign\01_data\P1\Marteloskop\20251002\DJI_202510021240_003_marteloskopp1mica60m\DJI_202510021240_003_marteloskopp1mica60m_Timestamp.MRK,105,0.014588,
2025-10-02 10:47:02.531,1759394822.531105,M:\working_package_2\2024_dronecampaign\01_data\P1\Marteloskop\20251002\DJI_202510021240_003_marteloskopp1mica60m\DJI_202510021240_003_marteloskopp1mica60m_Timestamp.MRK,333,0.014643,
2025-10-02 10:47:02.826,1759394822.826048,M:\working_package_2\2024_dronecampaign\01_data\P1\Marteloskop\20251002\DJI_202510021240_003_marteloskopp1mica60m\DJI_202510021240_003_marteloskopp1mica60m_Timestamp.MRK,106,0.014480,
2025-10-02 10:47:03.730,1759394823.730984,M:\working_package_2\2024_dronecampaign\01_data\P1\Marteloskop\20251002\DJI_202510021240_003_marteloskopp1mica60m\DJI_202510021240_003_marteloskopp1mica60m_Timestamp.MRK,334,0.014643,
2025-10-02 10:47:04.056,1759394824.056942,M:\working_package_2\2024_dronecampaign\01_data\P1\Marteloskop\20251002\DJI_202510021240_003_marteloskopp1mica60m\DJI_202510021240_003_marteloskopp1mica60m_Timestamp.MRK,107,0.014336,
2025-10-02 10:47:04.930,1759394824.930408,M:\working_package_2\2024_dronecampaign\01_data\P1\Marteloskop\20251002\DJI_202510021240_003_marteloskopp1mica60m\DJI_202510021240_003_marteloskopp1mica60m_Timestamp.MRK,335,0.014643,
2025-10-02 10:47:05.254,1759394825.254766,M:\working_package_2\2024_dronecampaign\01_data\P1\Marteloskop\20251002\DJI_202510021240_003_marteloskopp1mica60m\DJI_202510021240_003_marteloskopp1mica60m_Timestamp.MRK,108,0.014448,
2025-10-02 10:47:06.127,1759394826.127014,M:\working_package_2\2024_dronecampaign\01_data\P1\Marteloskop\20251002\DJI_202510021240_003_marteloskopp1mica60m\DJI_202510021240_003_marteloskopp1mica60m_Timestamp.MRK,336,0.014643,
2025-10-02 10:47:06.455,1759394826.455497,M:\working_package_2\2024_dronecampaign\01_data\P1\Marteloskop\20251002\DJI_202510021240_003_marteloskopp1mica60m\DJI_202510021240_003_marteloskopp1mica60m_Timestamp.MRK,109,0.014544,
2025-10-02 10:47:07.224,1759394827.224366,M:\working_package_2\2024_dronecampaign\01_data\P1\Marteloskop\20251002\DJI_202510021240_003_marteloskopp1mica60m\DJI_202510021240_003_marteloskopp1mica60m_Timestamp.MRK,337,0.014643,
2025-10-02 10:47:07.654,1759394827.654885,M:\working_package_2\2024_dronecampaign\01_data\P1\Marteloskop\20251002\DJI_202510021240_003_marteloskopp1mica60m\DJI_202510021240_003_marteloskopp1mica60m_Timestamp.MRK,110,0.014626,
2025-10-02 10:47:08.237,1759394828.237791,M:\working_package_2\2024_dronecampaign\01_data\P1\Marteloskop\20251002\DJI_202510021240_003_marteloskopp1mica60m\DJI_202510021240_003_marteloskopp1mica60m_Timestamp.MRK,338,0.014643,
2025-10-02 10:47:08.849,1759394828.849788,M:\working_package_2\2024_dronecampaign\01_data\P1\Marteloskop\20251002\DJI_202510021240_003_marteloskopp1mica60m\DJI_202510021240_003_marteloskopp1mica60m_Timestamp.MRK,111,0.014632,
2025-10-02 10:47:10.049,1759394830.049254,M:\working_package_2\2024_dronecampaign\01_data\P1\Marteloskop\20251002\DJI_202510021240_003_marteloskopp1mica60m\DJI_202510021240_003_marteloskopp1mica60m_Timestamp.MRK,112,0.014610,
2025-10-02 10:47:11.148,1759394831.148023,M:\working_package_2\2024_dronecampaign\01_data\P1\Marteloskop\20251002\DJI_202510021240_003_marteloskopp1mica60m\DJI_202510021240_003_marteloskopp1mica60m_Timestamp.MRK,113,0.014589,
2025-10-02 10:47:11.824,1759394831.824217,M:\working_package_2\2024_dronecampaign\01_data\P1\Marteloskop\20251002\DJI_202510021240_003_marteloskopp1mica60m\DJI_202510021240_003_marteloskopp1mica60m_Timestamp.MRK,339,0.014643,
2025-10-02 10:47:12.346,1759394832.346876,M:\working_package_2\2024_dronecampaign\01_data\P1\Marteloskop\20251002\DJI_202510021240_003_marteloskopp1mica60m\DJI_202510021240_003_marteloskopp1mica60m_Timestamp.MRK,114,0.014562,
2025-10-02 10:47:12.955,1759394832.955627,M:\working_package_2\2024_dronecampaign\01_data\P1\Marteloskop\20251002\DJI_202510021240_003_marteloskopp1mica60m\DJI_202510021240_003_marteloskopp1mica60m_Timestamp.MRK,340,0.014643,
2025-10-02 10:47:13.748,1759394833.748498,M:\working_package_2\2024_dronecampaign\01_data\P1\Marteloskop\20251002\DJI_202510021240_003_marteloskopp1mica60m\DJI_202510021240_003_marteloskopp1mica60m_Timestamp.MRK,115,0.014639,
2025-10-02 10:47:14.155,1759394834.155822,M:\working_package_2\2024_dronecampaign\01_data\P1\Marteloskop\20251002\DJI_202510021240_003_marteloskopp1mica60m\DJI_202510021240_003_marteloskopp1mica60m_Timestamp.MRK,341,0.014643,
2025-10-02 10:47:14.945,1759394834.945745,M:\working_package_2\2024_dronecampaign\01_data\P1\Marteloskop\20251002\DJI_202510021240_003_marteloskopp1mica60m\DJI_202510021240_003_marteloskopp1mica60m_Timestamp.MRK,116,0.014640,
2025-10-02 10:47:15.353,1759394835.353283,M:\working_package_2\2024_dronecampaign\01_data\P1\Marteloskop\20251002\DJI_202510021240_003_marteloskopp1mica60m\DJI_202510021240_003_marteloskopp1mica60m_Timestamp.MRK,342,0.014643,
2025-10-02 10:47:16.360,1759394836.360506,M:\working_package_2\2024_dronecampaign\01_data\P1\Marteloskop\20251002\DJI_202510021240_003_marteloskopp1mica60m\DJI_202510021240_003_marteloskopp1mica60m_Timestamp.MRK,117,0.014625,
2025-10-02 10:47:16.570,1759394836.570457,M:\working_package_2\2024_dronecampaign\01_data\P1\Marteloskop\20251002\DJI_202510021240_003_marteloskopp1mica60m\DJI_202510021240_003_marteloskopp1mica60m_Timestamp.MRK,343,0.014643,
2025-10-02 10:47:17.556,1759394837.556975,M:\working_package_2\2024_dronecampaign\01_data\P1\Marteloskop\20251002\DJI_202510021240_003_marteloskopp1mica60m\DJI_202510021240_003_marteloskopp1mica60m_Timestamp.MRK,118,0.014650,
2025-10-02 10:47:17.767,1759394837.767189,M:\working_package_2\2024_dronecampaign\01_data\P1\Marteloskop\20251002\DJI_202510021240_003_marteloskopp1mica60m\DJI_202510021240_003_marteloskopp1mica60m_Timestamp.MRK,344,0.014643,
2025-10-02 10:47:18.354,1759394838.354732,M:\working_package_2\2024_dronecampaign\01_data\P1\Marteloskop\20251002\DJI_202510021240_003_marteloskopp1mica60m\DJI_202510021240_003_marteloskopp1mica60m_Timestamp.MRK,119,0.014635,
2025-10-02 10:47:18.981,1759394838.981245,M:\working_package_2\2024_dronecampaign\01_data\P1\Marteloskop\20251002\DJI_202510021240_003_marteloskopp1mica60m\DJI_202510021240_003_marteloskopp1mica60m_Timestamp.MRK,345,0.014643,
2025-10-02 10:47:19.668,1759394839.668995,M:\working_package_2\2024_dronecampaign\01_data\P1\Marteloskop\20251002\DJI_202510021240_003_marteloskopp1mica60m\DJI_202510021240_003_marteloskopp1mica60m_Timestamp.MRK,120,0.014668,
2025-10-02 10:47:20.382,1759394840.382335,M:\working_package_2\2024_dronecampaign\01_data\P1\Marteloskop\20251002\DJI_202510021240_003_marteloskopp1mica60m\DJI_202510021240_003_marteloskopp1mica60m_Timestamp.MRK,346,0.014643,
2025-10-02 10:47:20.866,1759394840.866591,M:\working_package_2\2024_dronecampaign\01_data\P1\Marteloskop\20251002\DJI_202510021240_003_marteloskopp1mica60m\DJI_202510021240_003_marteloskopp1mica60m_Timestamp.MRK,121,0.014617,
2025-10-02 10:47:21.581,1759394841.581561,M:\working_package_2\2024_dronecampaign\01_data\P1\Marteloskop\20251002\DJI_202510021240_003_marteloskopp1mica60m\DJI_202510021240_003_marteloskopp1mica60m_Timestamp.MRK,347,0.014643,
2025-10-02 10:47:22.048,1759394842.048617,M:\working_package_2\2024_dronecampaign\01_data\P1\Marteloskop\20251002\DJI_202510021240_003_marteloskopp1mica60m\DJI_202510021240_003_marteloskopp1mica60m_Timestamp.MRK,122,0.014622,
2025-10-02 10:47:22.698,1759394842.698431,M:\working_package_2\2024_dronecampaign\01_data\P1\Marteloskop\20251002\DJI_202510021240_003_marteloskopp1mica60m\DJI_202510021240_003_marteloskopp1mica60m_Timestamp.MRK,348,0.014643,
2025-10-02 10:47:23.280,1759394843.280593,M:\working_package_2\2024_dronecampaign\01_data\P1\Marteloskop\20251002\DJI_202510021240_003_marteloskopp1mica60m\DJI_202510021240_003_marteloskopp1mica60m_Timestamp.MRK,123,0.014610,
2025-10-02 10:47:23.884,1759394843.884261,M:\working_package_2\2024_dronecampaign\01_data\P1\Marteloskop\20251002\DJI_202510021240_003_marteloskopp1mica60m\DJI_202510021240_003_marteloskopp1mica60m_Timestamp.MRK,349,0.014643,
2025-10-02 10:47:24.478,1759394844.478877,M:\working_package_2\2024_dronecampaign\01_data\P1\Marteloskop\20251002\DJI_202510021240_003_marteloskopp1mica60m\DJI_202510021240_003_marteloskopp1mica60m_Timestamp.MRK,124,0.014790,
2025-10-02 10:47:25.065,1759394845.065919,M:\working_package_2\2024_dronecampaign\01_data\P1\Marteloskop\20251002\DJI_202510021240_003_marteloskopp1mica60m\DJI_202510021240_003_marteloskopp1mica60m_Timestamp.MRK,125,0.014768,
2025-10-02 10:47:25.097,1759394845.097075,M:\working_package_2\2024_dronecampaign\01_data\P1\Marteloskop\20251002\DJI_202510021240_003_marteloskopp1mica60m\DJI_202510021240_003_marteloskopp1mica60m_Timestamp.MRK,350,0.014643,
2025-10-02 10:47:26.182,1759394846.182425,M:\working_package_2\2024_dronecampaign\01_data\P1\Marteloskop\20251002\DJI_202510021240_003_marteloskopp1mica60m\DJI_202510021240_003_marteloskopp1mica60m_Timestamp.MRK,126,0.014581,
2025-10-02 10:47:26.279,1759394846.279760,M:\working_package_2\2024_dronecampaign\01_data\P1\Marteloskop\20251002\DJI_202510021240_003_marteloskopp1mica60m\DJI_202510021240_003_marteloskopp1mica60m_Timestamp.MRK,351,0.014643,
2025-10-02 10:47:27.363,1759394847.363577,M:\working_package_2\2024_dronecampaign\01_data\P1\Marteloskop\20251002\DJI_202510021240_003_marteloskopp1mica60m\DJI_202510021240_003_marteloskopp1mica60m_Timestamp.MRK,127,0.014595,
2025-10-02 10:47:27.494,1759394847.494757,M:\working_package_2\2024_dronecampaign\01_data\P1\Marteloskop\20251002\DJI_202510021240_003_marteloskopp1mica60m\DJI_202510021240_003_marteloskopp1mica60m_Timestamp.MRK,352,0.014643,
2025-10-02 10:47:28.015,1759394848.015792,M:\working_package_2\2024_dronecampaign\01_data\P1\Marteloskop\20251002\DJI_202510021240_003_marteloskopp1mica60m\DJI_202510021240_003_marteloskopp1mica60m_Timestamp.MRK,128,0.014748,
2025-10-02 10:47:28.709,1759394848.709972,M:\working_package_2\2024_dronecampaign\01_data\P1\Marteloskop\20251002\DJI_202510021240_003_marteloskopp1mica60m\DJI_202510021240_003_marteloskopp1mica60m_Timestamp.MRK,353,0.014643,
2025-10-02 10:47:29.482,1759394849.482000,M:\working_package_2\2024_dronecampaign\01_data\P1\Marteloskop\20251002\DJI_202510021240_003_marteloskopp1mica60m\DJI_202510021240_003_marteloskopp1mica60m_Timestamp.MRK,129,0.014752,
2025-10-02 10:47:29.912,1759394849.912232,M:\working_package_2\2024_dronecampaign\01_data\P1\Marteloskop\20251002\DJI_202510021240_003_marteloskopp1mica60m\DJI_202510021240_003_marteloskopp1mica60m_Timestamp.MRK,354,0.014643,
2025-10-02 10:47:30.682,1759394850.682585,M:\working_package_2\2024_dronecampaign\01_data\P1\Marteloskop\20251002\DJI_202510021240_003_marteloskopp1mica60m\DJI_202510021240_003_marteloskopp1mica60m_Timestamp.MRK,130,0.014659,
2025-10-02 10:47:31.012,1759394851.012139,M:\working_package_2\2024_dronecampaign\01_data\P1\Marteloskop\20251002\DJI_202510021240_003_marteloskopp1mica60m\DJI_202510021240_003_marteloskopp1mica60m_Timestamp.MRK,355,0.014643,
2025-10-02 10:47:31.868,1759394851.868281,M:\working_package_2\2024_dronecampaign\01_data\P1\Marteloskop\20251002\DJI_202510021240_003_marteloskopp1mica60m\DJI_202510021240_003_marteloskopp1mica60m_Timestamp.MRK,131,0.014616,
2025-10-02 10:47:32.210,1759394852.210213,M:\working_package_2\2024_dronecampaign\01_data\P1\Marteloskop\20251002\DJI_202510021240_003_marteloskopp1mica60m\DJI_202510021240_003_marteloskopp1mica60m_Timestamp.MRK,356,0.014643,
2025-10-02 10:47:33.081,1759394853.081733,M:\working_package_2\2024_dronecampaign\01_data\P1\Marteloskop\20251002\DJI_202510021240_003_marteloskopp1mica60m\DJI_202510021240_003_marteloskopp1mica60m_Timestamp.MRK,132,0.014556,
2025-10-02 10:47:33.411,1759394853.411090,M:\working_package_2\2024_dronecampaign\01_data\P1\Marteloskop\20251002\DJI_202510021240_003_marteloskopp1mica60m\DJI_202510021240_003_marteloskopp1mica60m_Timestamp.MRK,357,0.014643,
2025-10-02 10:47:34.199,1759394854.199925,M:\working_package_2\2024_dronecampaign\01_data\P1\Marteloskop\20251002\DJI_202510021240_003_marteloskopp1mica60m\DJI_202510021240_003_marteloskopp1mica60m_Timestamp.MRK,133,0.014569,
2025-10-02 10:47:34.625,1759394854.625572,M:\working_package_2\2024_dronecampaign\01_data\P1\Marteloskop\20251002\DJI_202510021240_003_marteloskopp1mica60m\DJI_202510021240_003_marteloskopp1mica60m_Timestamp.MRK,358,0.014643,
2025-10-02 10:47:35.384,1759394855.384146,M:\working_package_2\2024_dronecampaign\01_data\P1\Marteloskop\20251002\DJI_202510021240_003_marteloskopp1mica60m\DJI_202510021240_003_marteloskopp1mica60m_Timestamp.MRK,134,0.014568,
2025-10-02 10:47:36.583,1759394856.583233,M:\working_package_2\2024_dronecampaign\01_data\P1\Marteloskop\20251002\DJI_202510021240_003_marteloskopp1mica60m\DJI_202510021240_003_marteloskopp1mica60m_Timestamp.MRK,135,0.014563,
2025-10-02 10:47:37.799,1759394857.799074,M:\working_package_2\2024_dronecampaign\01_data\P1\Marteloskop\20251002\DJI_202510021240_003_marteloskopp1mica60m\DJI_202510021240_003_marteloskopp1mica60m_Timestamp.MRK,136,0.014599,
2025-10-02 10:47:38.996,1759394858.996722,M:\working_package_2\2024_dronecampaign\01_data\P1\Marteloskop\20251002\DJI_202510021240_003_marteloskopp1mica60m\DJI_202510021240_003_marteloskopp1mica60m_Timestamp.MRK,137,0.014614,
2025-10-02 10:47:40.193,1759394860.193779,M:\working_package_2\2024_dronecampaign\01_data\P1\Marteloskop\20251002\DJI_202510021240_003_marteloskopp1mica60m\DJI_202510021240_003_marteloskopp1mica60m_Timestamp.MRK,138,0.014596,
2025-10-02 10:47:41.408,1759394861.408405,M:\working_package_2\2024_dronecampaign\01_data\P1\Marteloskop\20251002\DJI_202510021240_003_marteloskopp1mica60m\DJI_202510021240_003_marteloskopp1mica60m_Timestamp.MRK,139,0.014645,
2025-10-02 10:47:41.995,1759394861.995587,M:\working_package_2\2024_dronecampaign\01_data\P1\Marteloskop\20251002\DJI_202510021240_003_marteloskopp1mica60m\DJI_202510021240_003_marteloskopp1mica60m_Timestamp.MRK,140,0.014666,
2025-10-02 10:47:43.324,1759394863.324601,M:\working_package_2\2024_dronecampaign\01_data\P1\Marteloskop\20251002\DJI_202510021240_003_marteloskopp1mica60m\DJI_202510021240_003_marteloskopp1mica60m_Timestamp.MRK,141,0.014596,
2025-10-02 10:47:44.504,1759394864.504250,M:\working_package_2\2024_dronecampaign\01_data\P1\Marteloskop\20251002\DJI_202510021240_003_marteloskopp1mica60m\DJI_202510021240_003_marteloskopp1mica60m_Timestamp.MRK,142,0.014600,
2025-10-02 10:47:45.089,1759394865.089317,M:\working_package_2\2024_dronecampaign\01_data\P1\Marteloskop\20251002\DJI_202510021240_003_marteloskopp1mica60m\DJI_202510021240_003_marteloskopp1mica60m_Timestamp.MRK,143,0.014577,
2025-10-02 10:47:46.419,1759394866.419076,M:\working_package_2\2024_dronecampaign\01_data\P1\Marteloskop\20251002\DJI_202510021240_003_marteloskopp1mica60m\DJI_202510021240_003_marteloskopp1mica60m_Timestamp.MRK,144,0.014591,
2025-10-02 10:47:47.618,1759394867.618172,M:\working_package_2\2024_dronecampaign\01_data\P1\Marteloskop\20251002\DJI_202510021240_003_marteloskopp1mica60m\DJI_202510021240_003_marteloskopp1mica60m_Timestamp.MRK,145,0.014585,
2025-10-02 10:47:48.817,1759394868.817512,M:\working_package_2\2024_dronecampaign\01_data\P1\Marteloskop\20251002\DJI_202510021240_003_marteloskopp1mica60m\DJI_202510021240_003_marteloskopp1mica60m_Timestamp.MRK,146,0.014609,
2025-10-02 10:47:50.016,1759394870.016143,M:\working_package_2\2024_dronecampaign\01_data\P1\Marteloskop\20251002\DJI_202510021240_003_marteloskopp1mica60m\DJI_202510021240_003_marteloskopp1mica60m_Timestamp.MRK,147,0.014578,
2025-10-02 10:47:51.215,1759394871.215067,M:\working_package_2\2024_dronecampaign\01_data\P1\Marteloskop\20251002\DJI_202510021240_003_marteloskopp1mica60m\DJI_202510021240_003_marteloskopp1mica60m_Timestamp.MRK,148,0.014649,
2025-10-02 10:47:51.827,1759394871.827505,M:\working_package_2\2024_dronecampaign\01_data\P1\Marteloskop\20251002\DJI_202510021240_003_marteloskopp1mica60m\DJI_202510021240_003_marteloskopp1mica60m_Timestamp.MRK,149,0.014682,
2025-10-02 10:47:53.412,1759394873.412989,M:\working_package_2\2024_dronecampaign\01_data\P1\Marteloskop\20251002\DJI_202510021240_003_marteloskopp1mica60m\DJI_202510021240_003_marteloskopp1mica60m_Timestamp.MRK,150,0.014525,
2025-10-02 10:47:54.611,1759394874.611055,M:\working_package_2\2024_dronecampaign\01_data\P1\Marteloskop\20251002\DJI_202510021240_003_marteloskopp1mica60m\DJI_202510021240_003_marteloskopp1mica60m_Timestamp.MRK,151,0.014555,
2025-10-02 10:47:55.411,1759394875.411392,M:\working_package_2\2024_dronecampaign\01_data\P1\Marteloskop\20251002\DJI_202510021240_003_marteloskopp1mica60m\DJI_202510021240_003_marteloskopp1mica60m_Timestamp.MRK,152,0.014491,
2025-10-02 10:47:56.927,1759394876.927375,M:\working_package_2\2024_dronecampaign\01_data\P1\Marteloskop\20251002\DJI_202510021240_003_marteloskopp1mica60m\DJI_202510021240_003_marteloskopp1mica60m_Timestamp.MRK,153,0.014611,
2025-10-02 10:47:58.125,1759394878.125833,M:\working_package_2\2024_dronecampaign\01_data\P1\Marteloskop\20251002\DJI_202510021240_003_marteloskopp1mica60m\DJI_202510021240_003_marteloskopp1mica60m_Timestamp.MRK,154,0.014606,
2025-10-02 10:47:59.308,1759394879.308248,M:\working_package_2\2024_dronecampaign\01_data\P1\Marteloskop\20251002\DJI_202510021240_003_marteloskopp1mica60m\DJI_202510021240_003_marteloskopp1mica60m_Timestamp.MRK,155,0.014650,
2025-10-02 10:48:00.505,1759394880.505635,M:\working_package_2\2024_dronecampaign\01_data\P1\Marteloskop\20251002\DJI_202510021240_003_marteloskopp1mica60m\DJI_202510021240_003_marteloskopp1mica60m_Timestamp.MRK,156,0.014685,
2025-10-02 10:48:01.720,1759394881.720312,M:\working_package_2\2024_dronecampaign\01_data\P1\Marteloskop\20251002\DJI_202510021240_003_marteloskopp1mica60m\DJI_202510021240_003_marteloskopp1mica60m_Timestamp.MRK,157,0.014673,
2025-10-02 10:48:02.834,1759394882.834777,M:\working_package_2\2024_dronecampaign\01_data\P1\Marteloskop\20251002\DJI_202510021240_003_marteloskopp1mica60m\DJI_202510021240_003_marteloskopp1mica60m_Timestamp.MRK,158,0.014465,
2025-10-02 10:48:04.032,1759394884.032778,M:\working_package_2\2024_dronecampaign\01_data\P1\Marteloskop\20251002\DJI_202510021240_003_marteloskopp1mica60m\DJI_202510021240_003_marteloskopp1mica60m_Timestamp.MRK,159,0.014653,
2025-10-02 10:48:04.638,1759394884.638183,M:\working_package_2\2024_dronecampaign\01_data\P1\Marteloskop\20251002\DJI_202510021240_003_marteloskopp1mica60m\DJI_202510021240_003_marteloskopp1mica60m_Timestamp.MRK,160,0.014685,
2025-10-02 10:48:05.741,1759394885.741197,M:\working_package_2\2024_dronecampaign\01_data\P1\Marteloskop\20251002\DJI_202510021240_003_marteloskopp1mica60m\DJI_202510021240_003_marteloskopp1mica60m_Timestamp.MRK,161,0.014655,
2025-10-02 10:48:06.940,1759394886.940108,M:\working_package_2\2024_dronecampaign\01_data\P1\Marteloskop\20251002\DJI_202510021240_003_marteloskopp1mica60m\DJI_202510021240_003_marteloskopp1mica60m_Timestamp.MRK,162,0.014698,
2025-10-02 10:48:08.137,1759394888.137318,M:\working_package_2\2024_dronecampaign\01_data\P1\Marteloskop\20251002\DJI_202510021240_003_marteloskopp1mica60m\DJI_202510021240_003_marteloskopp1mica60m_Timestamp.MRK,163,0.014643,
